/*
Navicat MySQL Data Transfer

Source Server         : localhost_3306
Source Server Version : 50537
Source Host           : localhost:3306
Source Database       : db_forum

Target Server Type    : MYSQL
Target Server Version : 50537
File Encoding         : 65001

Date: 2017-05-15 00:22:18
*/

SET FOREIGN_KEY_CHECKS=0;
-- ----------------------------
-- Table structure for `t_reply`
-- ----------------------------
DROP TABLE IF EXISTS `t_reply`;
CREATE TABLE `t_reply` (
  `id` int(11) NOT NULL AUTO_INCREMENT,
  `modifyTime` datetime DEFAULT NULL,
  `publishTime` datetime DEFAULT NULL,
  `topicId` int(11) DEFAULT NULL,
  `userId` int(11) DEFAULT NULL,
  `content` text,
  `title` varchar(100) DEFAULT NULL,
  PRIMARY KEY (`id`),
  KEY `FK_1undp9lie20lt1d4hspci5qj6` (`topicId`),
  KEY `FK_bcwob7cyou0ovxk8qjo62b18b` (`userId`),
  CONSTRAINT `FK_1undp9lie20lt1d4hspci5qj6` FOREIGN KEY (`topicId`) REFERENCES `t_topic` (`id`),
  CONSTRAINT `FK_bcwob7cyou0ovxk8qjo62b18b` FOREIGN KEY (`userId`) REFERENCES `t_user` (`id`)
) ENGINE=InnoDB AUTO_INCREMENT=68 DEFAULT CHARSET=utf8;

-- ----------------------------
-- Records of t_reply
-- ----------------------------
INSERT INTO `t_reply` VALUES ('60', null, '2017-05-11 16:07:42', '46', '5', '[色]欢迎新同学[玫瑰][玫瑰]', null);
INSERT INTO `t_reply` VALUES ('61', null, '2017-05-11 16:11:29', '46', '1', '[[呵呵][龇牙][龇牙]呵呵]赞一个很详细！', null);
INSERT INTO `t_reply` VALUES ('62', null, '2017-05-11 16:14:07', '47', '1', '很实用的技能[抱拳][抱拳]', null);
INSERT INTO `t_reply` VALUES ('63', null, '2017-05-11 16:16:50', '48', '1', '[酷][酷][酷][酷]棒棒的', null);
INSERT INTO `t_reply` VALUES ('64', null, '2017-05-11 16:19:13', '49', '1', '[米饭][米饭][一颗红心献给你][一颗红心献给你][一颗红心献给你]', null);
INSERT INTO `t_reply` VALUES ('65', null, '2017-05-11 16:21:16', '51', '1', '[色][色][色][色][色]', null);
INSERT INTO `t_reply` VALUES ('66', null, '2017-05-11 16:24:00', '50', '1', '[呵呵][呵呵][呵呵][呵呵]', null);
INSERT INTO `t_reply` VALUES ('67', null, '2017-05-12 10:37:17', '52', '1', '[色][色]挺好的棒棒的', null);

-- ----------------------------
-- Table structure for `t_section`
-- ----------------------------
DROP TABLE IF EXISTS `t_section`;
CREATE TABLE `t_section` (
  `id` int(11) NOT NULL AUTO_INCREMENT,
  `name` varchar(50) DEFAULT NULL,
  `masterId` int(11) DEFAULT NULL,
  `zoneId` int(11) DEFAULT NULL,
  `logo` varchar(255) DEFAULT NULL,
  PRIMARY KEY (`id`),
  KEY `FK_7mwn2g1iyo47m5jkx36bqp5j4` (`masterId`),
  KEY `FK_9xsyefu9pvk24whfn7tc5xi1f` (`zoneId`),
  CONSTRAINT `FK_7mwn2g1iyo47m5jkx36bqp5j4` FOREIGN KEY (`masterId`) REFERENCES `t_user` (`id`),
  CONSTRAINT `FK_9xsyefu9pvk24whfn7tc5xi1f` FOREIGN KEY (`zoneId`) REFERENCES `t_zone` (`id`)
) ENGINE=InnoDB AUTO_INCREMENT=19 DEFAULT CHARSET=utf8;

-- ----------------------------
-- Records of t_section
-- ----------------------------
INSERT INTO `t_section` VALUES ('1', '新手报道', '2', '1', 'images/logo/1.png');
INSERT INTO `t_section` VALUES ('7', '生活信息', '2', '1', 'images/logo/2.png');
INSERT INTO `t_section` VALUES ('8', '黄科大交友', '5', '1', 'images/logo/3.png');
INSERT INTO `t_section` VALUES ('9', '求职就业', '8', '1', 'images/logo/4.png');
INSERT INTO `t_section` VALUES ('10', '社团组织', '5', '2', 'images/logo/5.png');
INSERT INTO `t_section` VALUES ('11', '疑难解答', '9', '2', 'images/logo/6.png');
INSERT INTO `t_section` VALUES ('12', '文学地带', '5', '2', 'images/logo/7.png');
INSERT INTO `t_section` VALUES ('13', '考研交流', '9', '2', 'images/logo/8.png');
INSERT INTO `t_section` VALUES ('14', '游戏娱乐', '8', '3', 'images/logo/9.png');
INSERT INTO `t_section` VALUES ('15', '心情分享', '5', '3', 'images/logo/10.png');
INSERT INTO `t_section` VALUES ('16', '摄影晒照', '9', '3', 'images/logo/11.png');
INSERT INTO `t_section` VALUES ('17', '要事通知', '5', '4', 'images/logo/12.png');
INSERT INTO `t_section` VALUES ('18', '学校荣誉', '5', '4', 'images/logo/13.png');

-- ----------------------------
-- Table structure for `t_topic`
-- ----------------------------
DROP TABLE IF EXISTS `t_topic`;
CREATE TABLE `t_topic` (
  `id` int(11) NOT NULL AUTO_INCREMENT,
  `content` text,
  `modifyTime` datetime DEFAULT NULL,
  `publishTime` datetime DEFAULT NULL,
  `title` varchar(50) DEFAULT NULL,
  `sectionId` int(11) DEFAULT NULL,
  `userId` int(11) DEFAULT NULL,
  `good` int(11) NOT NULL,
  `top` int(11) NOT NULL,
  PRIMARY KEY (`id`),
  KEY `FK_c3cdrgmbpi1ducxxgwuhh7wxv` (`sectionId`),
  KEY `FK_4ptwcmiyvt0jjt1qse4wmywoa` (`userId`),
  CONSTRAINT `FK_4ptwcmiyvt0jjt1qse4wmywoa` FOREIGN KEY (`userId`) REFERENCES `t_user` (`id`),
  CONSTRAINT `FK_c3cdrgmbpi1ducxxgwuhh7wxv` FOREIGN KEY (`sectionId`) REFERENCES `t_section` (`id`)
) ENGINE=InnoDB AUTO_INCREMENT=71 DEFAULT CHARSET=utf8;

-- ----------------------------
-- Records of t_topic
-- ----------------------------
INSERT INTO `t_topic` VALUES ('46', '<h1>一、生活用品&nbsp;<br />\r\n<br />\r\n1.脸盆（学校只发一个，肯定不够的，再带一个可以用来洗脚或者洗衣服）&nbsp;<br />\r\n<br />\r\n2.喝水的杯子&nbsp;<br />\r\n<br />\r\n3.牙刷和牙膏（牙膏建议带家庭装的那种）&nbsp;<br />\r\n<br />\r\n4.毛巾<br />\r\n<br />\r\n5.肥皂（洗衣服的）以及皂盒（建议用带盖子的）&nbsp;<br />\r\n<br />\r\n6.洗发水和护发素&nbsp;<br />\r\n<br />\r\n7.沐浴液&nbsp;<br />\r\n<br />\r\n8.蚊香（电的，传统的那种不安全）&nbsp;<br />\r\n<br />\r\n9.毯子或者空调被&nbsp;<br />\r\n<br />\r\n10.草纸&nbsp;<br />\r\n<br />\r\n11.纸巾（盒装的和一包包的，盒装的放寝室里，一包包的可以随身带）&nbsp;<br />\r\n<br />\r\n12.台灯&nbsp;<br />\r\n<br />\r\n13.碗和筷子、勺子（吃面或者藕粉之类的东西用）&nbsp;<br />\r\n<br />\r\n14.拖鞋&nbsp;<br />\r\n<br />\r\n15.出门穿的鞋子&nbsp;<br />\r\n<br />\r\n16.衣架（一种是晒裤子用的那种带夹子的多用架，可以晒内衣裤以及裤子和裙子，一种是晒T恤和衬衫的那种，除了晒衣服之外还可以用来挂衣服，另外还用专门挂裤子的那种裤架，可以挂裤子和裙子）&nbsp;<br />\r\n<br />\r\n17.粘钩&nbsp;<br />\r\n<br />\r\n18.钟&nbsp;<br />\r\n<br />\r\n19.吹风机（吹头发吹衣服裤子吹袜子都可以，很有用的）&nbsp;<br />\r\n<br />\r\n20.洗面奶等护肤用品<br />\r\n<br />\r\n<br />\r\n21.洗洁精（用来洗碗和水果）&nbsp;<br />\r\n<br />\r\n22.常用药&nbsp;<br />\r\n<br />\r\n23.装药的盒子&nbsp;<br />\r\n<br />\r\n24.针线包<br />\r\n<br />\r\n25.睡衣、袜子、内衣裤和换洗衣物（这是最重要的）&nbsp;<br />\r\n<br />\r\n26.镜子梳子以及头绳首饰等&nbsp;<br />\r\n<br />\r\n27.指甲钳&nbsp;<br />\r\n<br />\r\n28.手机及附件（充电器、电板、耳机）&nbsp;<br />\r\n<br />\r\n29.随身听或CD机及附件（耳机、外接电源、充电电池的充电器）&nbsp;<br />\r\n<br />\r\n30.CD、磁带什么的&nbsp;<br />\r\n<br />\r\n<br />\r\n31.剪刀、胶水、双面胶、透明胶（以备不时之需）&nbsp;<br />\r\n<br />\r\n32.杀虫剂&nbsp;<br />\r\n<br />\r\n33.伞、带自行车的还要准备雨披&nbsp;<br />\r\n<br />\r\n34.酒精棉&nbsp;<br />\r\n<br />\r\n35.电筒&nbsp;<br />\r\n<br />\r\n36.护手霜、手套、围巾、热水袋（冬天用，杭州的可以先不带）&nbsp;<br />\r\n<br />\r\n37.百洁布（洗碗、洗搪瓷脸盆和杯子，很有用）&nbsp;<br />\r\n<br />\r\n38.眼药水（杀菌和消除疲劳）&nbsp;<br />\r\n<br />\r\n39.浴巾、浴球、浴帽&nbsp;<br />\r\n<br />\r\n40.抹布&nbsp;<br />\r\n<br />\r\n41.擦席子的布&nbsp;<br />\r\n<br />\r\n42.牛皮筋（可用来扎未吃完的零食等）或者夹子也行&nbsp;<br />\r\n<br />\r\n43.密封罐（用来装蜜饯，不喜欢吃的可以不带）&nbsp;<br />\r\n<br />\r\n44.咖啡、红茶、绿茶等饮料以及泡咖啡用的勺子&nbsp;<br />\r\n<br />\r\n45.洗手液&nbsp;<br />\r\n<br />\r\n46.女生必备的东西<br />\r\n<br />\r\n47.日记本和记事本&nbsp;<br />\r\n<br />\r\n48.夹蚊帐的夹子（平时不用的时候就把蚊帐夹起来，这样看上去干净一点）&nbsp;<br />\r\n<br />\r\n49.女生的唇膏等等&nbsp;<br />\r\n<br />\r\n50.水果刀&nbsp;<br />\r\n<br />\r\n51.花露水、风油精或者清凉油什么的&nbsp;<br />\r\n<br />\r\n52.接线板&nbsp;<br />\r\n<br />\r\n53.锁</h1>\r\n\r\n<p>&nbsp;</p>\r\n\r\n<p>54.塑料绳&nbsp;<br />\r\n<br />\r\n二、学习用品&nbsp;<br />\r\n<br />\r\n1.笔和笔筒（放寝室里）、笔袋（随身带）&nbsp;<br />\r\n<br />\r\n2.回形针或夹书的夹子&nbsp;<br />\r\n<br />\r\n3.文件夹&nbsp;<br />\r\n<br />\r\n4.英语词典，我们中文的还有现代汉语词典和古汉语词典&nbsp;<br />\r\n<br />\r\n5.便条本、N次贴&nbsp;<br />\r\n<br />\r\n6.身份证、团员证等证件以及转团关系的资料&nbsp;<br />\r\n<br />\r\n7.一些自己喜欢的书&nbsp;<br />\r\n<br />\r\n8.修正液胶带纸什么的&nbsp;<br />\r\n<br />\r\n9.包（上课的上街的&hellip;&hellip;）&nbsp;<br />\r\n<br />\r\n10.笔记本和练习本还有草稿本什么的&nbsp;<br />\r\n<br />\r\n<br />\r\n<br />\r\nPs:<br />\r\n<br />\r\n1床扫一个（就是那种刷子嘛，可以保持床单平整）<br />\r\n<br />\r\n2坐垫，两个吧，一个放寝室凳子上，一个上自习带着（学校的凳子有点硬的说，呵呵）<br />\r\n<br />\r\n3保鲜袋（要是你不喜欢顿顿刷饭盒，就套个保鲜袋吧，到时连吃剩的一起扔了，干净又省事）</p>\r\n\r\n<p>&nbsp;</p>\r\n\r\n<p>&nbsp;</p>\r\n\r\n<p>&nbsp;</p>\r\n\r\n<p>很细了&nbsp;&nbsp;男女生当然会很不一样&nbsp; &nbsp;那就根据自己的需要做准备吧</p>\r\n', '2017-05-11 16:11:29', '2017-05-11 16:06:10', '大学入学必需品', '1', '5', '1', '1');
INSERT INTO `t_topic` VALUES ('47', '<h1>新生注意！入学后小心骗子！遇到拿不准事到论坛讨论，少走弯路！！！&nbsp; &nbsp;&nbsp; &nbsp;&nbsp; &nbsp;&nbsp; &nbsp;&nbsp; &nbsp;&nbsp; &nbsp;&nbsp; &nbsp;&nbsp; &nbsp;&nbsp; &nbsp;&nbsp; &nbsp;&nbsp; &nbsp;&nbsp; &nbsp;&nbsp; &nbsp;&nbsp; &nbsp;&nbsp; &nbsp;&nbsp; &nbsp;&nbsp; &nbsp;&nbsp; &nbsp;&nbsp; &nbsp;&nbsp; &nbsp;&nbsp; &nbsp;&nbsp; &nbsp;&nbsp; &nbsp;&nbsp; &nbsp;&nbsp; &nbsp;&nbsp; &nbsp;&nbsp; &nbsp;&nbsp; &nbsp;&nbsp; &nbsp;&nbsp; &nbsp;&nbsp; &nbsp;&nbsp; &nbsp;&nbsp; &nbsp;&nbsp; &nbsp;&nbsp; &nbsp;&nbsp; &nbsp;&nbsp; &nbsp;&nbsp; &nbsp;&nbsp; &nbsp;&nbsp; &nbsp;&nbsp; &nbsp;&nbsp; &nbsp;&nbsp; &nbsp;&nbsp; &nbsp;&nbsp; &nbsp;&nbsp; &nbsp;&nbsp; &nbsp;&nbsp; &nbsp;&nbsp; &nbsp;&nbsp; &nbsp;&nbsp; &nbsp;&nbsp; &nbsp;&nbsp; &nbsp;&nbsp; &nbsp;&nbsp; &nbsp;&nbsp; &nbsp;&nbsp; &nbsp;&nbsp; &nbsp;&nbsp; &nbsp;&nbsp; &nbsp;&nbsp; &nbsp;&nbsp; &nbsp;&nbsp; &nbsp;&nbsp; &nbsp;&nbsp; &nbsp;&nbsp; &nbsp;&nbsp; &nbsp;&nbsp; &nbsp;&nbsp; &nbsp;&nbsp; &nbsp;&nbsp; &nbsp;&nbsp; &nbsp;&nbsp; &nbsp;&nbsp; &nbsp;&nbsp; &nbsp;&nbsp; &nbsp;&nbsp; &nbsp;&nbsp; &nbsp;&nbsp; &nbsp;&nbsp; &nbsp;&nbsp; &nbsp;&nbsp; &nbsp;&nbsp; &nbsp;&nbsp; &nbsp;&nbsp; &nbsp;&nbsp; &nbsp;&nbsp; &nbsp;&nbsp; &nbsp;&nbsp; &nbsp;&nbsp; &nbsp;&nbsp; &nbsp;&nbsp; &nbsp;&nbsp; &nbsp;&nbsp; &nbsp;&nbsp; &nbsp;&nbsp; &nbsp;&nbsp; &nbsp;&nbsp; &nbsp;&nbsp; &nbsp;&nbsp; &nbsp;&nbsp; &nbsp;&nbsp; &nbsp;&nbsp; &nbsp;&nbsp;&nbsp;<br />\r\n<br />\r\n<br />\r\n我们入学那年曾经发生过的一些骗人事件：<br />\r\n<br />\r\n一些貌似推销的外地人拿着一堆办公文具之类的东西，以批发价格推销给新生，鼓励新生在校园内寝室间推销，赚小钱。很多新生因为刚上大学，感觉比较新鲜，想试试，就买了，结果就是这些货囤积在寝室4年都没动过地方。首先这些货物的价格看似便宜，其实仔细算算根本就不值，即使零售也卖不上价钱。再者，就是他们会使用各种手段，忽悠新来的学生，鼓励大家创业什么的，说的天花乱坠，新生就相信了~然后外面的人会合伙给骗子打电话催他，他就说你们快点决定，不要我就走了一类的话，一冲动就掏了钱包。<br />\r\n我们当时好多寝室都受骗了，最后也没把那些东西处理掉~而且每人损失了将近100元。<br />\r\n<br />\r\n遇到这样的情况,一定要头脑清醒,不能被花言巧语打动,计算一下价格是否真的合算,不要被骗子一催就头脑发热<br />\r\n<br />\r\n还有一些人利用系里或者学校的名义向寝室的学生收费，购买文具，鞋套一类的学习用品。要价非常的高，但是学生都以为是学校要求必须买的，根本都没考虑就交钱拿货了。他们先是装做学生干部或者是学校办事的人，有模有样的叫出寝室长跟他们说学校需要大家订购什么什么，然后每人交多少钱，学生都乖乖的照办了。这次骗局非常严重，整个系的新生都被骗了，最后好象也抓到了人，但是钱是没退了。<br />\r\n<br />\r\n<br />\r\n遇到这样是事情,千万不要相信.学校和系里是很少会集体收费购买什么的.如果要收费也会把通知由系里下派到班长那,统一收费,而且都会体现在学费帐单上</h1>\r\n', '2017-05-11 16:14:07', '2017-05-11 16:13:18', '防骗技能', '1', '1', '0', '0');
INSERT INTO `t_topic` VALUES ('48', '<p>1、本人凭此《录取通知书》（我院新生录取通知书统一由中国邮政特快专递送达考生）、身份证、准考证，在规定的时间内到学校报到。对逾期一周无故不办理报到手续者，将取消其入学资格。</p>\r\n\r\n<p>2、新生凭录取通知书等证件领取个人纸质档案，报到时交到资格审核处。</p>\r\n\r\n<p>3、河南省内录取的新生，入学时不再办理户口迁移手续。省外的新生，入学时可自愿将户口迁入学校。</p>\r\n\r\n<p>4、新生报到时一次性交清一年费用:</p>\r\n\r\n<p>①普通类本科：文史类12000元/生/年，理工、医学、体育类13000元/生/年，艺术类14000元/生/年，(其中体育教育9200元/生/年)；</p>\r\n\r\n<p>普通类专科：文史类8500元/生/年，理工、医学类8900元/生/年，艺术类9500元/生/年，(其中社会体育8400元/生/年)；</p>\r\n\r\n<p>②对外合作办学:本科14000元/生/年（与美国肖特学院合作办学），18000元/生/年（与美国佐治亚州立大学合作办学）；</p>\r\n\r\n<p>专科文史类11000元/生/年，理工类12000元/生/年，艺术类14000元/生/年；</p>\r\n\r\n<p>③住宿费：1000元/生/年，书本费：1000元/生，校园卡充值50元/生，其他代收费：550元/生。</p>\r\n\r\n<p>5、咨询电话：后勤集团：0371-68782800 &nbsp; &nbsp; 保卫处：0371-68782589</p>\r\n\r\n<p>&nbsp; &nbsp; &nbsp; 学生处：0371-68787425 &nbsp; &nbsp; &nbsp;财务处：0371-68782501</p>\r\n\r\n<p>&nbsp; &nbsp; &nbsp; 济源校区：0391-6272168 &nbsp; &nbsp;</p>\r\n\r\n<p>注：新生报到期间，学校在郑州市火车站西广场设有新生接待站,24小时免费迎接新生。</p>\r\n\r\n<p>&nbsp;</p>\r\n\r\n<p>学校地址：河南省郑州市紫荆山南路666号（南校区）</p>\r\n\r\n<p>&nbsp; &nbsp; &nbsp;河南省济源市济源大道东段666号（济源校区）</p>\r\n\r\n<p>乘车路线：从火车站乘81路公交车到佛岗新居站或136路公交车到黄河科技学院站下车即到（南校区）；</p>\r\n\r\n<p>&nbsp; &nbsp; 从火车站乘1号线地铁到紫荆山站内换乘2号线地铁到站马屯C出口向北二百米即到（南校区）；&nbsp;&nbsp;</p>\r\n\r\n<p>&nbsp; &nbsp; &nbsp; &nbsp; 从郑州东站乘坐地铁1号线到紫荆山站站内换乘地铁2号线到站马屯站C出口向北二百米即到（南校区）；</p>\r\n\r\n<p>&nbsp; &nbsp; &nbsp; 从郑州新郑国际机场乘机场巴士1线到民航大酒店站下车，在燕庄站乘坐地铁1号线到紫荆山站站内换乘地铁2号线到站马屯站C出口向北二百米即到（南校区）；</p>\r\n\r\n<p>&nbsp; &nbsp; &nbsp; 从济源火车站乘坐105路公交车，黄河科技学院站下车即到（济源校区）；</p>\r\n\r\n<p>&nbsp; &nbsp; &nbsp; 从济源长途汽车站乘坐105、202路公交车，黄河科技学院站下车即到（济源校区）；</p>\r\n\r\n<p>电话：0371-68880130 &nbsp; 68951486 &nbsp; &nbsp;68951955 &nbsp; &nbsp;68951953</p>\r\n\r\n<p>邮编：450006 &nbsp; &nbsp; &nbsp; &nbsp;学校网址：www.hhstu.edu.cn &nbsp; &nbsp; &nbsp; &nbsp; 招生信息网：www.hhstu.cn</p>\r\n', '2017-05-11 16:16:50', '2017-05-11 16:16:27', '2017级新生报到须知', '1', '1', '0', '0');
INSERT INTO `t_topic` VALUES ('49', '<p>（一）家庭经济困难学生认定工作</p>\r\n\r\n<p>1、认定时间</p>\r\n\r\n<p>（1）老生在新学年开学后两周内完成。</p>\r\n\r\n<p>（2）新生于军训工作结束后两周内完成。</p>\r\n\r\n<p>注：若学生本人或者家庭遭遇特殊意外情况，导致家庭经济困难的，经学生本人申请，调查属实报学生处同意，可临时认定。</p>\r\n\r\n<p>2、认定程序</p>\r\n\r\n<p>（1）家庭经济困难的学生填写《高等学校学生及家庭情况调查表》，并加盖家庭所在地乡、镇或街道民政部门公章。</p>\r\n\r\n<p>（2）民主评议小组收集贫困相关证明，组织学生填写《黄河科技学院家庭经济困难学生认定申请表》。</p>\r\n\r\n<p>（3）民主评议小组根据学生提交材料，确定班级家庭经济困难学生的资格和等级，报院（系）认定工作组进行审核。</p>\r\n\r\n<p>（4）院（系）认定工作组审核通过后，要将家庭经济困难学生名单及档次，以适当方式、在适当范围内公示5个工作日。</p>\r\n\r\n<p>（5）院（系）认定工作组将公示无误的贫困生名单，报学校学生资助工作领导小组审批，建立家庭经济困难学生信息库。</p>\r\n\r\n<p>3、认定等级</p>\r\n\r\n<p>认定等级分为特殊困难、困难、一般困难三等。</p>\r\n\r\n<p>（1）特殊困难：家庭遭遇严重自然灾害或突发事件、家庭成员重大疾病、孤儿、父母丧失劳动力等特殊情况。</p>\r\n\r\n<p>（2）困难：孤残学生、单亲子女、烈士子女、家庭成员长期患病、农村和城镇低保户。</p>\r\n\r\n<p>（3）一般困难：因父母下岗、失业、残疾、年迈，家庭遭遇自然灾害或突发事件等原因导致收入低下。</p>\r\n\r\n<p>（二）助学贷款</p>\r\n\r\n<p>&nbsp;</p>\r\n\r\n<p>生源地助学贷款：</p>\r\n\r\n<p>1、申请时间：8月10日－9月20日</p>\r\n\r\n<p>2、申请条件：</p>\r\n\r\n<p>（1）已被国家有关规定批准设立、实施高等学历教育的全日制普通本科高校、高等职业学校和高等专科学校正式录取，取得真实、合法、有效的录取通知书的新生或高校在读的本专科学生、第二学士学位学生和研究生；</p>\r\n\r\n<p>（2）学生本人入学前户籍、其父母户籍均在本县（市、区）；</p>\r\n\r\n<p>（3）诚实守信，遵纪守法，无违纪现象；</p>\r\n\r\n<p>（4）家庭经济困难，所能获得的收入不足以支付在校期间完成学业所需的基本费用；</p>\r\n\r\n<p>3、申请额度</p>\r\n\r\n<p>本专科生每人每年最高不超过8000元</p>\r\n\r\n<p>4、还款期限</p>\r\n\r\n<p>生源地助学贷款期限原则上按全日制本专科学制加10年确定，最长不超过14年。</p>\r\n\r\n<p>5、申请程序</p>\r\n\r\n<p>学生在新学期开学前，向家庭所在县（市、区）的学生资助管理中心提出贷款申请（有的地区直接到相关金融机构申请）。县级学生资助管理中心负责对学生提交的申请进行资格初审。金融机构负责最终审批并发放贷款。</p>\r\n\r\n<p>6、办理生源地贷款的新生，报到手续办理流程</p>\r\n\r\n<p>（1）学生持生源地贷款合同至财务缴费处领取《缓交学费申请表》；</p>\r\n\r\n<p>（2）学生如实填写缓交学费申请后，学院领导签字并报陈校长审批；</p>\r\n\r\n<p>（3）至缴费处缴纳除贷款金额外的学住费等；</p>\r\n\r\n<p>备注：办理生源地贷款的学生需向学生处关俊霞老师提交《贷款回执单》。（回执单学生直接交或学院老师代收后统一交均可，切记不要交财务）</p>\r\n\r\n<p>另：贷款金额到账时间同高校贷款到账时间相同，一般为11月8日左右；</p>\r\n\r\n<p>&nbsp;</p>\r\n\r\n<p>校园地助学贷款：</p>\r\n\r\n<p>1、申请时间：新生在每年9月份；</p>\r\n\r\n<p>2、申请条件</p>\r\n\r\n<p>（1）全日制普通本专科学生（已申请办理生源地助学贷款的学生除外）；</p>\r\n\r\n<p>（2）诚实守信，遵纪守法，无违纪现象；</p>\r\n\r\n<p>（3）家庭贫困，经济收入来源有限，支付学费确实有困难的学生。</p>\r\n\r\n<p>3、申请额度</p>\r\n\r\n<p>每生每年贷款总金额不高于8000元</p>\r\n\r\n<p>4、还款期限</p>\r\n\r\n<p>学生根据个人毕业后的就业和收入情况，在毕业后的1-2年内选择开始偿还本金的时间，六年内还清贷款本息。</p>\r\n\r\n<p>5、申请程序</p>\r\n\r\n<p>（1）个人写出书面申请，提交材料（身份证、学生证复印件、贷款学生家长承诺书、家庭户口本首页及家长单页复印件等相关材料）</p>\r\n\r\n<p>（2）登陆国家开发银行学生在线服务系统（https://www.csls.cdb.com.cn），首次申请贷款的学生登录该网站需要注册；首次登陆后系统会提示修改密码，完善个人基本信息后，提出贷款申请。</p>\r\n\r\n<p>（3）院（系）学生资助工作小组对学生贷款申请的真实性进行审核和公示，并将初审通过名单统计汇总报学校资助管理中心。</p>\r\n\r\n<p>（4）院（系）资助工作领导小组组织学生填写《河南省高校国家助学贷款申请审批表》并审核学生相关材料。</p>\r\n\r\n<p>（5）院（系）学生资助工作小组根据学生提交的材料，在国开行业务系统中审核学生基本信息，审核无误后将学生在在线系统内的申请数据导入助学贷款业务系统，汇总并提交学校资助管理中心审批；</p>\r\n\r\n<p>（6）学校资助管理中心根据省资助管理中心和国家开发银行的审批结果，向院（系）发放借款合同，由各院（系）组织贷款学生签订合同。</p>\r\n\r\n<p>（三）对国家助学贷款的违约学生的处理措施</p>\r\n\r\n<p>1、要求借款人限期纠正违约行为；</p>\r\n\r\n<p>2、停止发放尚未发放的贷款；</p>\r\n\r\n<p>3、在原贷款利率基础上加收罚息；</p>\r\n\r\n<p>4、提前收回部分或全部贷款本息（包括有权直接从借款人账户中扣收）；</p>\r\n\r\n<p>5、将学生的个人基本信息和还款情况录入中国人民银行的个人信用信息基础数据库，以供全国各金融机构依法查询。如国家助学贷款毕业学生违约情况严重，将影响其向金融机构申请办理其他个人消费信贷；</p>\r\n\r\n<p>6、在大学生就业网、学历文凭查询网站及国家助学贷款网站公布违约的学生名单；</p>\r\n\r\n<p>7、在有关媒体上公布违约学生的姓名、公民身份证号码、毕业学校及具体违约行为等相关信息；</p>\r\n\r\n<p>8、在校园网、校友网上公布违约学生相关信息并向用人单位通报借款学生的违约情况；</p>\r\n\r\n<p>9、督促借款学生家长催还贷款，同时书面告知父母所在的村委会(居委会)或父母所在单位；</p>\r\n\r\n<p>10、通过向仲裁机关申请仲裁或向人民法院起诉等法律程序催还贷款本息。</p>\r\n\r\n<p>（四）国家奖学金</p>\r\n\r\n<p>1、奖励对象：高校全日制本专科（含高职、第二学士学位）学生中特别优秀的在校生中二年级以上（含二年级）的学生。</p>\r\n\r\n<p>2、评选条件</p>\r\n\r\n<p>（1）热爱社会主义祖国，拥护中国共产党的领导；</p>\r\n\r\n<p>&nbsp; &nbsp;（2）遵守宪法和法律，遵守学校规章制度；</p>\r\n\r\n<p>&nbsp; &nbsp;（3）诚实守信，无不良诚信记录，道德品质优良；</p>\r\n\r\n<p>&nbsp; &nbsp;（4）学习成绩优异，在校期间至少获得一次特等奖学金或获得两次以上一等奖学金；</p>\r\n\r\n<p>&nbsp; &nbsp;（5）积极组织参加各种集体活动，社会实践、创新能力、综合素质等方面特别突出；</p>\r\n\r\n<p>（6）具有较强的奉献精神和责任意识，为学校和班级建设做出积极贡献。</p>\r\n\r\n<p>（五）国家励志奖学金</p>\r\n\r\n<p>1、资助对象：高校全日制本、专科（含高职、第二学士学位）学生中品学兼优、家庭经济困难的二年级以上（含二年级）的在校生。</p>\r\n\r\n<p>2、评选条件</p>\r\n\r\n<p>（1）热爱祖国，拥护中国共产党的领导。</p>\r\n\r\n<p>（2）自觉遵守宪法和法律，遵守学校各项规章制度，无违纪行为。</p>\r\n\r\n<p>（3）诚实守信，道德品质优良。</p>\r\n\r\n<p>（4）在校学习期间综合成绩优秀，上学年获得过校内奖学金。</p>\r\n\r\n<p>（5）家庭经济困难，生活简朴。</p>\r\n\r\n<p>（6）有突出事迹者，可破格申报。</p>\r\n\r\n<p>（7）操行分数不低于80分。</p>\r\n\r\n<p>3、评选流程</p>\r\n\r\n<p>（1）符合条件的学生每年9月30日前向所在院（系）提出申请。</p>\r\n\r\n<p>（2）以班级为单位，对提出申请的学生对照评选条件和具体评选指标按名次列出符合条件的学生名单及相关成绩。</p>\r\n\r\n<p>（3）召开班会，将符合条件的学生以班级为单位进行民主评议，确定候选人名单，并组织学生填写《国家励志奖学金申请审批表》。</p>\r\n\r\n<p>（4）院（系）认定工作组对评议结果进行审核，确定名单后在学院内张榜公示，无异议后报学校学生资助管理中心审定。</p>\r\n\r\n<p>（5）学校学生资助管理中心完成评审后，将评审结果上报河南省资助管理中心。</p>\r\n\r\n<p>（六）国家助学金</p>\r\n\r\n<p>1、资助对象：高校全日制本专科（含高职、第二学士学位）学生中家庭经济困难的学生。</p>\r\n\r\n<p>2、评选条件</p>\r\n\r\n<p>（1）热爱社会主义祖国，拥护中国共产党的领导。</p>\r\n\r\n<p>（2）家庭经济困难，生活简朴，无任何铺张浪费行为。</p>\r\n\r\n<p>（3）自觉遵守宪法和法律，遵守学校各项规章制度，无任何违法违纪行为，未受过学校的处分和通报批评。</p>\r\n\r\n<p>（4）学习刻苦，上学年成绩良好，必修课无不及格情况。（大一新生不做要求）</p>\r\n\r\n<p>（5）上学年操行评定平均成绩在80分以上。（大一新生不做要求）</p>\r\n\r\n<p>3、评选方法</p>\r\n\r\n<p>根据符合申请条件的学生家庭经济状况、学习成绩和操行量化考核成绩进行综合测评排序。综合测评成绩按家庭经济困难认定结果（特困100分，困难80分，一般困难60分）占60%，上学年必修课程平均成绩占20%，上学年操行评定平均成绩占20%计算。</p>\r\n\r\n<p>4、评选程序</p>\r\n\r\n<p>（1）召开班会。有辅导员组织学生认真学习学校评定国家助学金的有关文件。</p>\r\n\r\n<p>（2）个人申请。每年9月30日前，在贫困生数据库的学生根据个人情况和评选条件，向所在院（系）提出申请。</p>\r\n\r\n<p>（3）班级认定评议小组根据学生个人情况、家庭经济状况，按申请人评选条件考核结果，遴选出资助对象，并组织学生填写《普通本科高校、高等职业学校国家助学金申请表》，名单汇总后上报学院资助工作小组。（汇总表上必须有民主评议小组的全体签名）</p>\r\n\r\n<p>（4）院（系）认定工作组对评议结果进行审核，确定名单后在学院内张榜公示，无异议后将学生信息录入资助管理系统并上报学校学生资助管理中心审定。</p>\r\n\r\n<p>（5）学校学生资助管理中心完成评审后，将评审结果上报河南省资助管理中心。</p>\r\n\r\n<p>注：因转专业等发生学籍异动的学生，院（系）应按照相关规定进行办理，学生资助管理中心统一汇总后发放国家助学金。</p>\r\n\r\n<p>（七）校内十佳励志大学生评选流程</p>\r\n\r\n<p>1、每年11月30日前，学生根据个人情况及申请条件，向所在院（系）提出申请，填写《黄河科技学院十佳励志大学生申请表》；</p>\r\n\r\n<p>2、召开班会，进行民主评议，班级认定评议小组根据学生个人申请、家庭经济状况，按申请人评选条件考核结果综合评议（班会和表决情况要记录在班级工作手册上），确定候选人名单，报所在院（系）资助小组审批；</p>\r\n\r\n<p>3、院（系）资助工作小组对评议结果进行审核，确定名单后上报学校资助管理中心审定；</p>\r\n\r\n<p>4、学校资助管理中心对各学院上报的学生材料进行审核，择优确定学生名单（10人），并在学生处网页上进行公示；</p>\r\n\r\n<p>5、公示完毕，无异议者，确定为黄河科技学院十佳励志大学生。</p>\r\n\r\n<p>（八）学校勤工助学岗位申请</p>\r\n\r\n<p>1、首先由学生本人提出书面申请，填写《黄河科技学院勤工助学岗位审批表》报所在学院。</p>\r\n\r\n<p>2、各学院对申请学生进行审核，签署意见后上报学生处。</p>\r\n\r\n<p>3、学生处对申请学生进行审批、登记、汇总，并根据各勤工助学岗位需求进行安排。</p>\r\n\r\n<p>&nbsp;</p>\r\n\r\n<p>&nbsp;</p>\r\n', '2017-05-11 16:19:13', '2017-05-11 16:18:46', '学生资助', '1', '1', '0', '0');
INSERT INTO `t_topic` VALUES ('50', '<p>5 月 12 日是我国第九个&ldquo;防灾减灾日&rdquo;，主题是&ldquo;减少社区灾害，提高基层减灾能力&rdquo;。根据《郑州市人民政府办公厅关于做好 2017 年防灾减灾日有关工作的通知》精神，5 月 8 日至 14 日为防灾减灾宣传周。为做好今年防灾减灾宣传周各项工作，5月10日，我校转发郑州市教育局关于做好防灾减灾日工作通知。</p>\r\n\r\n<p>通知要求，要突出&ldquo;减少社区灾害风险，提高基层减灾能力&rdquo;主题，深入开展防灾减灾活动 ；坚持宣传教育与排查整治工作相结合；及时完善应急预案，积极组织开展应急疏散演练。通知强调，要充分运用学校广播、校园电子屏、宣传栏、展板等载体，广泛开展形式多样的防灾减灾宣传活动。要继续倡导广大师生深入开展&ldquo;六个一&rdquo;活动：即阅读1 本关于应急避险的书籍，观看 1 部防灾害的影视作品，聆听 1场应急避险知识讲座，分享 1 次逃生避险经历，开展 1 次家庭灾害风险隐患排查，组织 1 次学校应急疏散演练，增强广大师生的应急意识和自救互救技能。同时，要积极开展安全隐患排查治理，要着力查找问题，消除各类隐患，避免事故的发生。各部门要按照各自的工作职责，因地制宜地组织开展形式多样的应急疏散演练，及时修订预案，熟悉预案，细化职责，认清职责，充实物资，完善设施，进一步提升学校应对各类灾害的能力。</p>\r\n', '2017-05-11 16:24:00', '2017-05-11 16:20:17', '防灾减灾 人人有责 我校转发市教育局关于做好防灾减灾工作通知', '7', '1', '0', '0');
INSERT INTO `t_topic` VALUES ('51', '<p>5月9日，华为2016-2017年度ICT大赛河南赛区颁奖仪式隆重举行，信息工程学院2013级通信工程专业的张凯同学喜获河南赛区第6名。</p>\r\n\r\n<p><img src=\"http://www.hhstu.edu.cn/news/upload/images/2017/5/1181740268.jpg\" /></p>\r\n\r\n<p>华为ICT技能大赛是华为公司面向全国华为网络技术学院在校学生举办的极具行业影响力和号召力的专业技能大赛。其中河南赛区比赛是由华为河南办事处和华为授权培训中心郑州宇信教育主办，郑州大学信息工程学院承办，全省参赛人数400多人。 &nbsp; &nbsp; &nbsp;</p>\r\n\r\n<p>为了顺应&ldquo;创新校企合作模式，推进产教深度融合&rdquo;的大趋势，建立国际化校企合作平台，创新培养高级应用技术人才，信院领导与华为积极谋划，多次调研沟通，双方有关人员积极筹备，终于在2016年成功举办了首届&ldquo;华为创新实验班&rdquo;，张凯同学正是首届 &ldquo;华为创新实验班&rdquo;的学生。 &nbsp;</p>\r\n\r\n<p>本届&ldquo;华为创新实验班&rdquo;是继2014年底华为网院成立以来，为促进华为网院建设、推进学院双创工作，针对电子信息类专业大四学生量身定做的华为职业认证培训。该班由双方老师共同上课，共同管理，内容既实又新，紧贴企业需求和工程实际。截止到2016年底，华为创新实验班的31名学生，均全部通过华为中级职业认证HCNP。这是河南省高校当中首家取得这么多学生通过华为认证的实验班。</p>\r\n', '2017-05-11 16:21:16', '2017-05-11 16:20:52', '信院学子在华为ICT大赛上取得优良成绩', '7', '1', '0', '0');
INSERT INTO `t_topic` VALUES ('52', '<p>&nbsp;12月7日，&ldquo;全国物联网技术应用型专业人才联合培养基地&rdquo;在我校正式成立，中科院物联网研究发展中心教育培训中心副主任孙方刚来校为基地授牌，校工会主席、教务科研处处长罗煜以及信息工程学院、对外合作办公室相关人员出席授牌仪式。</p>\r\n\r\n<p><img src=\"http://www.hhstu.edu.cn/news/upload/images/2015/12/883551987.jpg\" style=\"height:auto\" /></p>\r\n\r\n<p><img src=\"http://www.hhstu.edu.cn/news/upload/images/2015/12/88362593.jpg\" style=\"height:auto\" /></p>\r\n\r\n<p>　　罗煜在介绍我校基本情况后说，黄科院是一所综合性大学，理工科优势突出。全国物联网技术应用型专业人才联合培养实训基地在我校建立，是教育部对我校办学能力、办学质量、服务社会能力和实验实训条件的肯定，增强了我校服务社会的能力和服务社会的动力。我们将本着互惠互利的原则，与中科院物联网研究发展中心开展合作。</p>\r\n\r\n<p><img src=\"http://www.hhstu.edu.cn/news/upload/images/2015/12/883613131.jpg\" style=\"height:auto\" /></p>\r\n\r\n<p>　　信息工程学院院长刘昱旻介绍基地筹建情况。他说，全国物联网技术应用型专业人才联合培养基地是教育部在全国范围内建设的六大实训基地之一。该基地的设立是国家教育部门为适应物联网产业发展，推动物联网技术应用人才培养与培训的重要举措。基地建成后，中科院物联网研究发展中心将为我校提供师资培训、物联网相关资格认证以及实习实训基地，帮助我校修订完善人才培养方案，并与我校共建物联网实验室，共同开展物联网科研项目。</p>\r\n\r\n<p><img src=\"http://www.hhstu.edu.cn/news/upload/images/2015/12/883626339.jpg\" style=\"height:auto\" /></p>\r\n\r\n<p>　　孙方刚介绍了&ldquo;全国物联网技术应用专业人才联合培养基地&rdquo;政行校企共建的合作背景、合作目的和合作内容。</p>\r\n\r\n<p>　　全国物联网技术应用专业人才联合培养基地建成后，我校和中科院物联网研究发展中心开展的合作内容有：成立政行校企专业建设指导委员会；引入企业工程师联合开展项目化教学；设立工学交替校外实训实习基地；建立物联网工程师认证体系；合作培养物联网行业高端工程师；利用&ldquo;物联网学堂&rdquo;在线的优质资源；构建物联网企业横向课题服务通道；保障联合培养人才高薪对口就业。</p>\r\n\r\n<p>　　罗煜和孙方刚共同为&ldquo;全国物联网技术应用型专业人才联合培养基地&rdquo;揭牌。</p>\r\n\r\n<p>　　孙方刚还受邀为信息工程学院2013级、2014级物联网工程专业的学生做题为&ldquo;物联网带来的就业创业机会&rdquo;的专题讲座。&nbsp;</p>\r\n', '2017-05-12 10:37:17', '2017-05-11 16:22:47', '全国物联网应用型专业人才联合培养基地在我校成立', '9', '1', '0', '0');
INSERT INTO `t_topic` VALUES ('53', '<p>5月14日下午，惠普-洛阳国际软件人才及产业基地来我校开展&ldquo;优选生&rdquo;选拔工作。我校信息工程学院82名学生将进入公司实习。&nbsp;</p>\r\n\r\n<p><img alt=\"\" src=\"http://www.hhstu.edu.cn/news/upload/2015/5/18165438875.jpg\" style=\"height:auto\" /></p>\r\n\r\n<p>&nbsp;&nbsp;&nbsp; 宣讲会上，惠普-洛阳国际软件人才及产业基地院校服务部经理郭俊、讲师陈亮等先后就产业基地概况、惠普公司软件测试和开发培训内容作了介绍。互动答疑环节，就同学们提出的问题，郭俊和公司负责人都一一进行了详细回答。会后，郭俊等人分别对2012级各专业115名优秀学生进行了专业面试，经过考核，82人通过面试。</p>\r\n\r\n<p>&nbsp;&nbsp;&nbsp; 据悉，本次所有通过&ldquo;优选生&rdquo;推荐并满足惠普能力评估面试的学生将于2015年9月进入&ldquo;惠普班&rdquo;学习，获得惠普软件开发和软件测试工程师免费培训，享受惠普基地的就业支持和创业扶持，并成为惠普及惠普上下游企业实习生，毕业后直接进入惠普体系工作。</p>\r\n\r\n<p>&nbsp;&nbsp;&nbsp; 2013年7月，洛阳市人民政府与中国惠普签订了&ldquo;惠普-洛阳国际软件人才及产业基地&rdquo;项目战略合作协议，我校成为首批与惠普洛阳基地合作的河南省15所本科高校之一。2014年，我校41名学生成为首批&ldquo;惠普班&rdquo;成员，于9月初，奔赴惠普洛阳基地进行为期一年的学习及实训，目前全部对口就业。</p>\r\n', '2017-05-11 16:23:38', '2017-05-11 16:23:38', '信息工程学院 82名学生即将进入惠普公司实习', '9', '1', '0', '0');
INSERT INTO `t_topic` VALUES ('54', '<p>&nbsp;大学期间，李笑在我校新闻传播学院就读。如果她的人生一直按照正常轨道行进，她应该会在传媒行业工作，而不是像现在这样，在科技行业摸爬滚打。</p>\r\n\r\n<p><img alt=\"\" src=\"http://www.hhstu.edu.cn/news/upload/2015/6/2482110890.jpg\" style=\"height:auto\" />&nbsp;&nbsp;&nbsp;</p>\r\n\r\n<p>&nbsp;&nbsp;&nbsp;&nbsp;<strong>痴迷互联网 青涩学子跨行业创业</strong></p>\r\n\r\n<p>&nbsp;&nbsp;&nbsp; 大二时，李笑开始接触互联网，被深深吸引。当时，在广告课的课堂上，老师讲到最新的营销方式是互联网，SEO和SEM是未来互联网发展的一个大趋势。她感到新鲜又好奇，于是暗自留心，记下来去专门了解和学习。在这年暑期的家教业务中，她就利用了互联网进行宣传，没想到效果竟然非常好，当月获利5万元。</p>\r\n\r\n<p>&nbsp;&nbsp;&nbsp; 尝到甜头后，她就想，能不能把这种方法教给其他人，让更多人从互联网中获益？经过深入研究，她认为这是一个互联网的时代，与互联网相关的业务大有可为。她内心的火焰开始熊熊燃烧，&ldquo;这个事情我一定要做！&rdquo;于是，她确立了创办互联网科技公司的想法，准备教大家做网络推广。</p>\r\n\r\n<p>&nbsp;&nbsp;&nbsp; 当时作为一名在校生，对于如何兼顾学业和创业，她内心很纠结。没想到跟老师交流想法后，得到了老师和学校的大力支持。她找到院长，把仔细斟酌后写好的创业报告放在他面前。院长看到这个娃娃脸女孩的创业报告感到很惊讶，但看完之后，院长对她说：&ldquo;可以，学院全力支持你创业。&ldquo;学院不仅同意她在保证不缺课的前提下提前投入实习和创业实践，还在创新创业上给了她很多指导。2012年，正读大三的李笑正式创办了河南先度网络科技有限公司。这虽然是一个幸运的开始，但她之后的创业历程却异常艰辛。</p>\r\n\r\n<p>&nbsp;&nbsp;&nbsp;&nbsp;<strong>成为创业新鲜人 承受巨大压力</strong></p>\r\n\r\n<p>&nbsp;&nbsp;&nbsp; 公司在繁华商业区的一间写字楼里成立了，高昂的房租增加了不少经营成本，但公司的业务量却并没有上来。眼看着之前积累的资金一点一点地被消耗掉，她心急如焚，每天除了开拓业务寻找客户，她还不得不面对钱的问题。这对于一个在校大学生来说，是前所未有的挑战。房租、水电费、人力成本以及其他运营费用使她每天都处在巨大的压力之中。她所处的环境再也不是平静不起波澜的校园，而是刀兵相见的生意场。</p>\r\n\r\n<p>&nbsp;&nbsp;&nbsp; 利润率太低，公司就要倒闭，有不少人劝她放弃。要放弃吗？不可能。这个倔强的女孩坚决排除了放弃的可能。除了创业者的身份，她同时还是一名学生，还要兼顾学业，奔波在公司和学校之间也让她感到很疲惫。</p>\r\n\r\n<p>&nbsp;&nbsp;&nbsp;&nbsp;<strong>抓住机遇 乘势而起</strong></p>\r\n\r\n<p>&nbsp;&nbsp;&nbsp; 怎么在利润偏低的情况下尽可能地降低成本呢？学校大学科技园成立了，李笑敏锐地捕捉到了机会。学校了解她的情况后表示，支持她的公司进驻学校大学科技园孵化器进行孵化，并提供办公场地和办公桌椅以及创业配套的服务。在科技园的帮助下，她还成功获得了15万元的河南省大学生创业扶持项目资助，为公司的持续发展提供了资金支持。 这时候的李笑觉得，作为一名创新创业者，不能仅仅依靠政府的资金、补助，更多要依靠内在的原动力。诚如李嘉诚所说，鸡蛋,从外打破是食物,从内打破是生命。只要保持这种发自内心的原动力，就有奋斗的能量和成功的信心！</p>\r\n\r\n<p>&nbsp;&nbsp;&nbsp; 解决了后顾之忧，李笑感觉自己充满了信心和力量。确定好发展战略，精研产品开发，公司慢慢地焕发出生机，业务量不断攀升。</p>\r\n\r\n<p>&nbsp;&nbsp;&nbsp; 目前，先度网络专门从事互联网教育和金融产品的研发。2014年，公司创意金融项目成功上线，交易量呈上升趋势，目前该项目的营业额已经突破300万。此外，公司其他的互联网教育产品正在研发当中。 李笑对公司的发展颇有信心，她预计，未来的利润将非常可观，不远的将来将有望突破500万元。</p>\r\n', '2017-05-11 16:26:38', '2017-05-11 16:26:38', '李笑：韧如野草 让她笑到了最后', '9', '1', '0', '0');
INSERT INTO `t_topic` VALUES ('55', '<table cellpadding=\"0\" cellspacing=\"0\" style=\"width:958px\" summary=\"pid347046\">\r\n	<tbody>\r\n		<tr>\r\n			<td style=\"vertical-align:top\">\r\n			<table cellpadding=\"0\" cellspacing=\"0\" style=\"width:757px\">\r\n				<tbody>\r\n					<tr>\r\n						<td>\r\n						<h2>本版简介：<br />\r\n						&quot;娱乐交友&quot;版，是大家娱乐与交友的版块，是深圳大学论坛会员之间联络感情的纽带，希望大家在这里能认识更多的好朋友．可以让更多的人找到自己的幸福．<br />\r\n						<br />\r\n						本版版规：<br />\r\n						１.禁止广告，发现我们立即删帖！<br />\r\n						２.本版提倡大家来征友，特别鼓励女生．可是以征友贴上适当的版聊，以增进了解与沟通．<br />\r\n						３.发言禁止带有色情，漫骂，挑衅，反动等不良词语或图片，一经发现，删帖！并上报ID！<br />\r\n						４.鼓励大家来此发娱乐内容的贴子，原创内容给予一定加分奖励<br />\r\n						５.本版可以适当灌水，因为娱乐嘛，关键是大家开心！<br />\r\n						<br />\r\n						最后祝来此版的会员２０17年娱乐多多，福气多多，桃花朵朵开！！！</h2>\r\n						</td>\r\n					</tr>\r\n				</tbody>\r\n			</table>\r\n			</td>\r\n		</tr>\r\n		<tr>\r\n			<td style=\"vertical-align:top\">&nbsp;</td>\r\n		</tr>\r\n	</tbody>\r\n</table>\r\n', '2017-05-11 16:29:48', '2017-05-11 16:29:48', ' 交友平台版会员须知', '8', '1', '0', '0');
INSERT INTO `t_topic` VALUES ('56', '<table cellpadding=\"0\" cellspacing=\"0\" style=\"width:757px\">\r\n	<tbody>\r\n		<tr>\r\n			<td><strong>我是认真的希望找一个可以交往的男朋友，希望两个人相处后最后能走到一起，如果你不是，你以后不打算留沈，请绕行！！</strong><br />\r\n			<strong>一、外形</strong><br />\r\n			&nbsp; &nbsp; 本人165cm ,50kg，双鱼座，不胖也不瘦，呵呵。长发，长相中等以上。想找一个173cm左右的男朋友。身体健康，长相，看着舒服就可以。本人95年的，希望最好比我大点。<br />\r\n			<strong>二、职业</strong><br />\r\n			&nbsp; &nbsp; 11年本科毕业，之前由于一些原因，工作比较晚，现在工作满半年，在一事业单位工作。将来，可能不一定还在这里，看以后的发展吧， 但是一定会在郑州，希望男朋友也将来留郑的。<br />\r\n			<strong>三、性格&nbsp;</strong><br />\r\n			&nbsp; &nbsp; 自认为是开朗乐观的，积极向上的。喜欢运动、旅游等，兴趣爱好比较多。我希望的是两个人感情稳定，之后才可以有更多精力去做我想做的事情，不然会很分心。有时会比较小鸟依人，有时会比较独立。朋友一般都是比较好的，泛泛之交的基本不联系。有很安静的时候，熟络之后会很活泼。男生，我喜欢阳光、上进、踏实、幽默、有思想的，最好有运动爱好。两个人一起，关键是取长补短，欣赏彼此优点，包容作为人本身的缺点。<br />\r\n			<strong>四、其他</strong><br />\r\n			&nbsp; &nbsp; 现住学校附近，喜欢学校的操场，晚上总有老头老太跳舞。所以最好找一个本校的男生，时间会更多些，其他地区的工作的或还上学的本科生、研究生也可以，以后才会有戏。知道是没有结果的，就不要开始了。QQ：1781075849，一样的写一封信发我QQ邮箱里面。</td>\r\n		</tr>\r\n	</tbody>\r\n</table>\r\n', '2017-05-11 16:34:24', '2017-05-11 16:34:24', '[找男朋友] 我想找一个这样的男朋友 ', '8', '20', '0', '0');
INSERT INTO `t_topic` VALUES ('57', '<ul>\r\n	<li>南校区：从火车站乘81路到佛岗新居站或136路到黄河科技学院站下车即到</li>\r\n	<li>北校区：从火车站乘4路或B21路公交车到孙八寨站下车即到</li>\r\n	<li>济源校区：从济源火车站乘坐105路公交车到黄河科技学院站下车即到；济源长途汽车站乘坐105/202路公交车，黄河科技学院站下车即</li>\r\n</ul>\r\n', '2017-05-11 16:38:24', '2017-05-11 16:38:24', '学校乘车路线', '11', '20', '0', '0');
INSERT INTO `t_topic` VALUES ('58', '<p>人生没有永远的甜，万般滋味我们都得品尝。在纷繁复杂的生活中告别&ldquo;声色犬马&rdquo;，走出浮躁喧嚣的世界，真正的静下心来，才能品味生活的真谛。用一种悠然的心情看待人生，这样心灵才能得到升华。<br />\r\n<br />\r\n一条渡船，上面载满了急切想到对岸去的人。船夫撑起了竹篙，船就要离岸了。这时候，有个佩刀的武夫对着船家大喊：&ldquo;停船！我要过河！&rdquo;船上的客人都说：&ldquo;船已开行，不可回头。&rdquo;船夫不愿拂逆众人的心意，遂好生劝慰武夫道：&ldquo;且耐心等下一趟吧。&rdquo;但船上有个出家的师父却说：&ldquo;船离岸还不远，为他行个方便，回头载他吧。&rdquo;船夫看说情的是一位出家人，便掉转船头去载那位武夫。武夫上得船来，看身边端坐着一位出家的师父，顺手拿起鞭子抽了他一下，骂道：&ldquo;和尚，快起来，给我让座！&rdquo;师父的头被抽得淌下血来。师父揩着那血水，却不与他分辩，默默起身，将座位让与了他。满船的人见此情景，煞是惊诧。<br />\r\n<br />\r\n大家窃窃议论，说这位禅师好心让船夫回头载他，实不该遭此鞭打。武夫闻听此言，知道自己错打了人，却不肯认错。待到船靠了岸，师父一言不发，到水边洗净血污。武夫看到师父如此安详的神态举止，愧疚顿由心生。他上前跪在水边，忏悔地说：&ldquo;师父，对不起。&rdquo;师父应答道：&ldquo;不要紧，外出人的心情总不太好。&rdquo;<br />\r\n<br />\r\n讲这故事的人是这样评价这件事的：禅师如此的涵养，来自视&ldquo;众生皆苦&rdquo;的慈悲之心。在禅师看来，武夫心里比自己苦多了。不只是座位，只想把心中的清凉也一并给了他。<br />\r\n<br />\r\n我思忖着的故事长久发呆。我轻抚着自己的心，悄然自问：这里面，究竟有几多的&ldquo;清凉&rdquo;？<br />\r\n<br />\r\n和那位拥有着&ldquo;沉静的力量&rdquo;的师父比起来，我是近乎饶舌的。现实的鞭子还没有抽打到我的身上，我已经开始喋喋地倾诉幽怨了。我不懂得有一种隐忍却是蕴蓄力量，我不懂得有一种静默其实是惊天的告白。我的心，有太多远离清凉的时刻。面对误解，面对辜负，面对欺瞒，面对伤害，我的心燃起痛苦仇怨的火焰，烧灼着那令我无比憎恶的丑恶，也烧灼着我自己颤抖不已的心。<br />\r\n<br />\r\n我曾天真地以为，这样的烧灼过后，我眼前将迎来一片悦目的青葱。但是，我错了。我看到了被火舌舔舐过的丑恶又变本加厉地朝我反扑，我也看到自己&ldquo;过火&rdquo;的生命已伤痕累累，不堪其苦。总能感到有一道无形的鞭影在我的头顶罗织罪名，总是先于伤口体会到头破血流时的无限痛楚。我漂泊的船何时靠岸？洗净我满头血污的河流又在何方？<br />\r\n<br />\r\n当我和这位禅师在一本书里相遇，曾忍不住抚着纸页痴痴地对他讲：因为怜恤，所以，你不允许那人独自滞留岸上；遭遇毒打时，你因窥见了那人焚烧着自我生命的满腔怒火而万分焦灼；当那人跪下向你忏悔，你原谅了他，还真心地为他解脱。你的心中，究竟储备着多少清凉？面对你丰富的拥有与无私的施与，我一颗寒酸寒苦的心，感动得轻颤起来。<br />\r\n<br />\r\n几年前在一个寺院，一位师父告诉我说：&ldquo;一照镜子，你就会读到一个字。&rdquo;愚钝的我傻傻地问道：&ldquo;那是个什么字呢？&rdquo;师父在自己的双眉上画了一横，又在两眼上各画了一下，然后，在鼻子上打了一个十字，末了，又指指自己的嘴：&ldquo;猜着了吗？&rdquo;我懵懵懂懂地说：&ldquo;没&hellip;&hellip;有。&rdquo;师父说：&ldquo;哦，猜不着才好。猜不着，你有福了。&rdquo;说完，径自去了。我急冲冲地问同行的伙伴：&ldquo;到底是什么字啊？&rdquo;伙伴说：&ldquo;是个&lsquo;苦&rsquo;字哦。&rdquo;<br />\r\n<br />\r\n原来，我们带着一个&ldquo;苦&rdquo;字来到尘世间。你是苦的，我是苦的，众生皆是苦的。<br />\r\n<br />\r\n惊悸的心，枯涩的心，猜疑的心，怨怼的心，愤怒的心，仇恨的心，残忍的心，暴虐的心&hellip;&hellip;这些心，全都淤塞着太多太多的苦。说到底，无非就是这样一个道理，虐人亦即自虐，爱人亦即自爱。<br />\r\n<br />\r\n让我们在每一面镜子前驻足，认清自己脸上刻着的那个清晰的字吧。让我们深深怜惜那些被这个折磨不息的可怜的人。让更多的人一抬手就能轻易感觉到自己心中无尽的清凉。</p>\r\n', '2017-05-11 16:39:33', '2017-05-11 16:39:33', '流年无恙，你许下过岁月静好', '12', '20', '0', '0');
INSERT INTO `t_topic` VALUES ('59', '<p>1.I love three things in this world. Sun, moon and you. Sun for morning, moon for night , and you forever.予独爱世间三物。昼之日，夜之月，汝之永恒。<br />\r\n2.Life has taught us that love does not consist in gazing at each other, but in looking outward together in the same direction.<br />\r\n生活教会我们，爱并不在于长久地凝视，而在于眺望远方同一方向的希望。<br />\r\n3.Life isn&#39;t about waiting for the storm to pass, it&#39;s about learning to dance in the rain.生活不是等待暴风雨过境，而是学会在雨中跳出最美的舞姿。<br />\r\n4.You know my loneliness is only kept for you, my sweet songs are only sung for you.你可知我百年的孤寂只为你一人守侯，千夜的恋歌只为你一人而唱。<br />\r\n5.If living on the earth is a mission from the lord&hellip; living with you is the award of the lord&hellip;如果活着，是上帝赋予我最大的使命，那么活者有你，将会是上帝赋予我使命的恩赐&hellip;&hellip;<br />\r\n6.Do you understand the feeling of missing someone? It is just like that you will spend a long hard time to turn the ice-cold water you have drunk into tears.你知道思念一个人的滋味吗，就像喝了一大杯冰水，然后用很长很长的时间流成热泪。<br />\r\n7.In such a soft and warm season, please accept my sincere blessing and deep concern for you.在这充满温馨的季节里，给你我真挚的祝福及深深的思念。<br />\r\n8.For our ever-lasting friendship, send sincere blessings and warm greetings to my friends whom I miss so much.一份不渝的友谊，执着千万个祝福，给我想念的朋友，温馨的问候。<br />\r\n9.It is graceful grief and sweet sadness to think of you, but in my heart, there is a kind of soft warmth that can&rsquo;t be expressed with any choice of words.想你，是一种美丽的忧伤的甜蜜的惆怅，心里面，却是一种用任何语言也无法表达的温馨。<br />\r\n10.You and I remains the same in different time, at different places,among different people; time is changing, space is changing and everything is changing except my miss to you!不同的时间，不同的地点，不同的人群，相同的只有你和我；时间在变，空间在变，不变的只有对你无限的思念！<br />\r\n11.Coffee is lonely without cups just as I am lonely without you.没有杯子&hellip;&hellip;咖啡是寂寞的&hellip;&hellip;没有你&hellip;&hellip;我是孤独的&hellip;&hellip;<br />\r\n12.My heart beats for you every day. I am inspired by you every minute, and I worry about you every second. It is wonderful to have you in my life.每一天都为你心跳，每一刻都被你感动，每一秒都为你担心。有你的感觉真好。<br />\r\n13.No matter the ending is perfect or not, you cannot disappear from my world.我的世界不允许你的消失,不管结局是否完美.<br />\r\n14.Love is a carefully designed lie.爱情是一个精心设计的谎言.<br />\r\n15.Promises are often like the butterfly, which disappear after beautiful hover.承诺常常很像蝴蝶,美丽的飞盘旋然后不见<br />\r\n16.Fading is true while flowering is past凋谢是真实的,盛开只是一种过去<br />\r\n17.Why I have never catched the happiness? Whenever I want you ,I will be accompanyed by the memory of...为什么幸福总是擦肩而过,偶尔想你的时候&hellip;.就让&hellip;.回忆来陪我.<br />\r\n18.Love ,promised between the fingers.Finger rift,twisted in the love爱情&hellip;在指缝间承诺 指缝&hellip;.在爱情下交缠.<br />\r\n19.If you weeped for the missing sunset,you would miss all the shining stars如果你为着错过夕阳而哭泣，那么你就要错群星了<br />\r\n20.To feel the flame of dreaming and to feel the moment of dancing,when all the romance is far away,the eternity is always there.感受梦的火焰，感觉飞舞瞬间，当一切浪漫遥远，永恒依然<br />\r\n21.If we can only encounter each other rather than stay with each other,then I wish we had never encountered .如果只是遇见，不能停留，不如不遇.<br />\r\n21.I would like weeping with the smile rather than repenting with the cry,when my heart is broken ,is it needed to fix?宁愿笑著流泪,也不愿哭著说后悔 心碎了,还需再补吗？<br />\r\n22.There are no trails of the wings in the sky, while the birds has flied away.雁过无痕。<br />\r\n23.When a cigar falls in love with a match，it&#39;s destined to be hurt.有些爱从一开始就注定会受伤。<br />\r\n24.Only when our eyes have been washed by tears, can we have a broader field of vision. 只有泪水洗过的眼睛,才有更开阔的视野。<br />\r\n25.To love for the sake of being loved is human, but to love for the sake of loving is angelic.为了被爱而爱是人性，而为爱而爱是神性。<br />\r\n26. Every hour of lost time is a chance of future misfortune.一寸光阴一寸金，寸金难买寸光阴。<br />\r\n27.Maybe God wants you to meet many wrong people before you meet the right one, so when this happens, youl will be thankful. 也许上帝让你在遇见那个合适的人之前遇见很多错误的人，所以，当这一切发生的时候，你应该心存感激。<br />\r\n28.A boy will make you think he loves you, but he really doesn&#39;t. A girl will make you think she doesn&#39;t love you, when she really does. ------ 很多时候，男人会让你觉得他爱上了你，其实他真没有；而女人会让你觉得她不可能会爱上你，结果她却动了心。<br />\r\n29.Love is when you find someone better, yet you stay with the same person you promised to spend forever with&mdash;&mdash;爱情就是当遇到一个更好的人，却依然和那个曾发誓与其共度一生的人在昨天。</p>\r\n', '2017-05-11 16:40:12', '2017-05-11 16:40:12', '很唯美，很伤感，经典英文短语，总有一句说到你的心里', '12', '20', '0', '0');
INSERT INTO `t_topic` VALUES ('60', '<h2>传说中，男人有几样东西是一定是要女人送的，剃须刀，皮带，打火机。</h2>\r\n\r\n<h2>他们也不知道是什么时候走在了一起，在那段灰色的高三生活里，他们相互勉励，最后都考上理想中的大学，可是，他们理想中的大学却是迥异的，女孩喜欢冰冻的北国飘雪，男孩喜欢炽热的椰风海韵，于是就在那个夏色瘫软的季节里，季节里单飞的恋人真正懂得了离别的味道，而这种选择，似乎是那么的年少轻狂？没有尝过相思之苦的孩子们，或许是爱情最原始的诠释，又或许，这种爱情是没有结果的。可是，男孩和女孩并不在乎，至少，这一刻，是幸福的。</h2>\r\n\r\n<h2>似乎，结局早已注定，离别即在眼前，来不及怀念曾经的种种，时间就将他们纳入了另一个完全迥异的世界，分别的时候，是男孩的十八岁的生日，曾经无数次幻想过自己十八岁的生日，却终究还是注定和她在一起，女孩想送男孩一份礼物，让男孩每天都能想她，她送了他一根皮带，卡伦曼尼的。男孩看到这皮带，很感动，世界在那一刻都是属于他们两个人的。他们的故事，真的，真的，好浪漫。</h2>\r\n\r\n<h2>一个人的咫尺，N个人的天涯，仿佛世界都是为思念而生，男孩在日记中写道：漫天的蓝，遍地的绿，椰风佛面，将我最真挚的感情都裸露在这片我向往的大海里，我把我白色的帆布球鞋涂的五彩斑斓，我多么想用自己的力量，给你哪怕一双鞋的温暖？</h2>\r\n\r\n<h2>时间犹如一个巨大的梦靥，离别之后，等待的是命运铺陈开来的完全未知的山高水长，他们的誓言是否可以天长地久，时间在他们的面前是那么得苍白，距离亦是如此的无力。</h2>\r\n\r\n<h2>我是非常相信他们的爱情的，因为男孩和我一个宿舍，我每天都可以看到他的笑脸，给女孩打完电话后的满足，我想我该把他们的爱情作为榜样，相信：原来真的有一种爱，可以如此的痴狂！</h2>\r\n\r\n<h2>我想我该祝福他们，真的，愿他们真的可以永远在一起！</h2>\r\n\r\n<h2>可是，故事若没有起伏，谁会成为唯一的主角和唯一的观众，又或许，故事不仅没有结局，而且还是纯属虚构！</h2>\r\n\r\n<h2>男孩每天都会穿上女孩送他的那根皮带，也许，除了我，没人知道，甚至女孩，女孩送男孩皮带的时候或许也没有想到，男孩会如此的认真！</h2>\r\n\r\n<h2>后来，是一个意外，却不只是一个意外，男孩在军训的时候，皮带突然断了，男孩拾起那根皮带，发现只是螺丝扣脱了，队伍解散以后，所有人的走了，惟留他一个人在寻找着那个螺丝的另一半，可是，有些东西一旦丢失了就永远找不回来了，不只是那个散落的螺丝丁。</h2>\r\n\r\n<h2>每到一个地方，男孩总会到就近的卡伦曼尼店，问有没有保修的螺丝丁，可是人家总会问他有没发票，一次次的失望之后，男孩放弃了，在回家的时候，他去地摊上修了一下，换了一个螺丝，他希望女孩一眼就能看出他把她送他的东西一直珍藏，回来的时候，冷，却没有雪，久别之后的聚首，却没有男孩想象中的浪漫，一别经年，竟物是人非，女孩说：她受不了这长距离，长时间的相思之苦，她需要有一个清晰明确的人在她身边关心她或者是值得她关心，可是男孩不是那样的人，至少现在的他不是！</h2>\r\n\r\n<h2>原本是一场美丽的重逢，却被活生生的导演成了这场伤心地分手，男孩没有说很多的话，只是有些失落，回头想想，自己在过去的半年里，给予女孩的除了思念，还是思念，他在心底深深地劝自己，放手吧，爱她就该让她幸福，让她快乐！</h2>\r\n\r\n<h2>再次临别的时候，却没有那次的缠绵悱恻，男孩递给女孩一个盒子，毫无疑问，那是女孩送他的皮带，他说，留在他的手里，只会徒添伤感，放在她的手里，至少让她知道，曾经有过一个男孩为她而放手为爱而放手，女孩说：我们还可以做朋友。男孩说，当彼此是一种愧疚的情愫，是无法再回头做朋友的。</h2>\r\n\r\n<h2>时间飞逝，女孩又谈了好几场恋爱，可是，她觉得，再也找不到当初的那种感觉了，而自始至终，她都没再送过其他男孩子皮带，她多想回到男孩的怀中，借他那肩膀好好的睡一觉，可是一切都已回不到当初，男孩也找到了心中的另一半，男孩发现，对爱情的谈让和坦然让他对爱情有了自己的独特见解，他在心底深深地明白，当自己对爱情认真的时候，不属于你的爱情终会PASS你的站台，而在站口停住的人，一定就是你的另一半，只是，男孩终究没有彻底的坦然，他的女朋友送他的皮带，总会被他拒绝，而这，早已不再重要！</h2>\r\n\r\n<h2>再次重逢又怎么可以假装不认识，男孩问女孩，现在过得好吗？女孩说：我们还可以回到当初吗？男孩给女孩说：当初她送他的皮带，尽管有这么多的卡伦曼尼的专卖店，可是却没有一个原配的螺丝丁，有些东西失去了，就再也找不回来了！</h2>\r\n\r\n<h2>&nbsp;</h2>\r\n\r\n<h2>（有时候，在用情方面，男孩会比女孩更加的真，所以，女孩们，当你发现你的身边有这样的男孩时，请不要让他受伤，好好的爱他！）</h2>\r\n', '2017-05-11 16:41:10', '2017-05-11 16:41:10', '不是每个男孩都叫色狼', '12', '20', '0', '0');
INSERT INTO `t_topic` VALUES ('61', '<table cellpadding=\"0\" cellspacing=\"0\" style=\"width:958px\" summary=\"pid359486\">\r\n	<tbody>\r\n		<tr>\r\n			<td style=\"vertical-align:top\">\r\n			<table cellpadding=\"0\" cellspacing=\"0\" style=\"width:757px\">\r\n				<tbody>\r\n					<tr>\r\n						<td>45岁后，喜欢上老子，可能觉得自己个性上散淡随性，不争不闹，真诚自然，蛮吻合老子的道家思想。但道家的另一大师庄子，只读了蔡志忠的漫画庄子，连皮毛也不能算。近日，读了一本庄子，感想频多。庄子的确在老子的基础上更进一步，甚至在一些领域另辟新路。<br />\r\n						<br />\r\n						领悟到一些道理，总想说出来。庄子教我们看事物要整体的看，要长期的看。这太对了，就说我们的情感，我们对人的判断，不就需要这二点吗？<br />\r\n						<br />\r\n						朋友常玩笑的说自己，五官分开来看，没有一样好看，但放在一起，也蛮和顺。这就是整体的看。人，都不完美，都会有一些欠缺，但整体来看，这人不错，那个不太好。假如只从一个点或面来看一个人，往往会失之偏频。而要做到全面的来看人看事物，这本身就是一种很重要的能力。全面的来看一个人，把好的差的都看到，然后做出综合的判断。<br />\r\n						长期看事物或人，更是在我们日常生活中被我们当做真理，又常常会去犯短期看问题的毛病。我们知道日久见人心，却会被某一刻某一事而误导，而让人做出错误的判断。假如我们拉长时间段来看，这次约会你迟到了，但好多年来，都从没迟到过，那就不能说这是不守时，而只是一次偶然。假如他很热诚，那看他的热诚是一周？一月？一年？赵四小姐是老式的小三，但人家真情终身，时间做了最好的证明，就成了爱情佳话。<br />\r\n						<br />\r\n						用庄子的哲理来看我们自己，整体的看，我们的人生，有欠缺，不完善，但整体的说，还是不错。从时间上看，和以前比，渐行渐老，但从小看到现在再看到未来，在自己的一生中，在每个年龄段努力了，拥有了自己的很多快乐。并正在继续努力，想让自己更好。只觉得此生值了。<br />\r\n						<br />\r\n						再用这来套我们的情感，也有点滴的烦恼和痛苦，但整体的看，好得很，因为好而让情感炽热如初。从时间上，就要七整年了，说短不短了，也足以证明我们情感的真诚和绵长。<br />\r\n						<br />\r\n						读书乐，和我的朋友共享，但总感觉还没说清。这也是庄子所言：可传而不可授，可得而不可见。懂我的自是懂我，尽在不言中，只在感悟里。</td>\r\n					</tr>\r\n				</tbody>\r\n			</table>\r\n			</td>\r\n		</tr>\r\n		<tr>\r\n			<td style=\"vertical-align:top\">&nbsp;</td>\r\n		</tr>\r\n	</tbody>\r\n</table>\r\n', '2017-05-11 16:42:00', '2017-05-11 16:42:00', '读庄子的点滴感想', '12', '20', '0', '0');
INSERT INTO `t_topic` VALUES ('62', '<h1>黄河科技学院学生会是校团委直接指导的学校学生核心自律组织，她成立于二零零一年三月，经过风雨的洗礼，锤炼出自身特有的风格。以&ldquo;锻炼能力、提高素质、联系同学、全心全意为同学服务&rdquo;为宗旨，结合&ldquo;实事求是，深入同学&rdquo;的工作作风，秉承&ldquo;开拓，拼搏，实干，奉献&rdquo;的黄科大精神，力求自我教育、自我服务、自我管理、自我发展，做广大同学的忠实代表。她是学校与学生联系的桥梁和纽带。&nbsp;<br />\r\n　　历经几年的努力拼搏，二00五年四月，我校学生会当选为郑州市学联主席团单位；二00五年七月成为中华全国学生联合会正式代表，第四届校学生会主席刘鹏同学成为中华全国学生联合会第二十四次代表大会正式代表；二00六年十二月，我校学生会当选为河南学联副主席团单位；二0一0年八月，第九届校学生会副主席马磊同学作为河南省代表参加在京召开的中华全国学生联合会第二十五次代表大会，我校学生会当选全国学联第二十五届委员会团体委员；二0一一年六月，第十届学生会主席团成员代表我校学生会参加了在郑召开的河南省学生联合会第九届代表大会，在这次会议上我校学生会当选为河南省学联第九届委员会主席团团体委员，我校学生会主席团马磊同学当选为河南省学联主席团成员，二0一五年八月，第十四届校学生会主席龚树彤同学作为河南省代表参加在京召开的中华全国学生联合会第二十六次代表大会。</h1>\r\n\r\n<h1>　　学生会下设办公室、组织部、宣传部、学习部、文化活动部、公关部、生活部七个部门，成立至今已成功举办多次大型活动，如校元旦晚会、校园超级星、二手交易市场、&ldquo;绿色军营&nbsp;青春旋律&rdquo;校园歌手大赛、&ldquo;秋韵杯&rdquo;演讲比赛等品牌活动，极大地丰富了同学们的课余生活，提高了同学们的实践能力，深受老师和同学们的好评。<br />\r\n　　黄河科技学院学生会全体成员将带着满腔的热情继续致力于校园文化建设，本着&ldquo;全心全意为同学服务&rdquo;的宗旨，结合学校的特点，群策齐力，带领同学们共创校园文明。随着时代的发展，黄河科技学院学生会将面临着新的机遇和挑战，我们期待着各位有志者的加盟，来共同建设和完善我们的学生会，使黄河科技学院的明天更加光辉灿烂！</h1>\r\n', '2017-05-11 16:43:45', '2017-05-11 16:43:45', '学生会简介', '10', '20', '0', '0');
INSERT INTO `t_topic` VALUES ('63', '<table align=\"center\" border=\"0\" cellpadding=\"0\" cellspacing=\"0\" style=\"width:95%\">\r\n	<tbody>\r\n		<tr>\r\n			<td>&nbsp;</td>\r\n		</tr>\r\n		<tr>\r\n			<td>\r\n			<p>&nbsp;</p>\r\n\r\n			<p>第一章 总则<br />\r\n			<br />\r\n			一、黄河科技学院学生会成员必须遵守《黄河科技学院学生手册》全心全意为同学服务，做广大学生的忠实代表。学生会成员应具有高度的思想觉悟和责任心，以饱满的热情对待每一项工作，积极完成党团组织下达的各项任务。黄河科技学院学生会成员应发扬&quot;开拓，拼搏，实干，奉献&quot;八字精神，具有严格的组织纪律性。作为学生中的骨干力量，必须对自己高标准，严要求，勇于同校园内的不良风气做斗争，在校风建设中起模范带头作用。<br />\r\n			<br />\r\n			第二章 部门设置及职能<br />\r\n			<br />\r\n			二、黄河科技学院学生会下设有：主席团、常务委员会、办公室、组织部、外联部、学习部、文艺部、宣传部、体育部、生活部、新闻部、维权委员会和新媒体运营中心。学生会所设职位有：主席、常务副主席、副主席、主席助理、部长、办公室主任、副部长、干事。主席团成员由校学生会主席、副主席及各院系学生会主席组成，常务委员会由黄河科技学院学生会主席、副主席及各部部长组成。主席团、常委会和各部门职能如下：&nbsp;<br />\r\n			<br />\r\n			1、主席团&nbsp;<br />\r\n			<br />\r\n			（1）协调各院系学生会的关系。&nbsp;<br />\r\n			<br />\r\n			（2）促进各院系学生会之间的交流和联系。&nbsp;<br />\r\n			<br />\r\n			（3）协助校团委和学生会完成全校性的活动。&nbsp;<br />\r\n			<br />\r\n			（4）积极为黄河科技学院学生会的工作献计献策。<br />\r\n			<br />\r\n			（5）及时向各院系学生会传达校团委、校学生会的各项工作安排。&nbsp;<br />\r\n			<br />\r\n			2、常务委员会&nbsp;<br />\r\n			<br />\r\n			（1）审议、讨论校学生会的工作计划。<br />\r\n			<br />\r\n			（2）讨论决策学生会工作中的重大问题。&nbsp;<br />\r\n			<br />\r\n			（3）及时向上级党团组织反映同学们的心声，维护同学们的正当权益，促进学校的稳定发展。<br />\r\n			<br />\r\n			3、办公室&nbsp;<br />\r\n			<br />\r\n			（1）处理学生会的日常事务。&nbsp;<br />\r\n			<br />\r\n			（2）负责各种材料的拟定、整理和发布。&nbsp;<br />\r\n			<br />\r\n			（3）负责收集全校学生对学生会工作情况的反映，为各部门提供有建设性的建议。<br />\r\n			<br />\r\n			（4）协调各部门的关系。&nbsp;<br />\r\n			<br />\r\n			4、生活部&nbsp;<br />\r\n			<br />\r\n			（1）主抓校内精神文明，对宿舍文化建设进行指导和评比。<br />\r\n			<br />\r\n			（2）协助饮食科对食堂进行监督，检查和评比。&nbsp;<br />\r\n			<br />\r\n			（3）反映同学们生活方面的意见和要求，维护同学们的切身利益，为同学们说实话，办实事。&nbsp;<br />\r\n			<br />\r\n			（4）协调各院系生活部的工作。&nbsp;<br />\r\n			<br />\r\n			5、外联部&nbsp;<br />\r\n			<br />\r\n			（1）负责我校学生与各大高校的交流与联系。&nbsp;<br />\r\n			<br />\r\n			（2）积极寻求社会力量促进我校的文化、体育等活动的蓬勃发展。&nbsp;<br />\r\n			<br />\r\n			（3）提高学校的知名度，扩大学校的社会影响力。&nbsp;<br />\r\n			<br />\r\n			6、学习部&nbsp;<br />\r\n			<br />\r\n			（1）深入了解同学们的学习情况以及学生对教学工作和学习环境的意见、要求和建议。及时向学校有关部门反馈信息，促进教学工作的深入开展。<br />\r\n			<br />\r\n			（2）积极组织形式各样、丰富多彩的文化活动，丰富同学们的第二课堂，营造良好的校园学术氛围。&nbsp;<br />\r\n			<br />\r\n			（3）协调各院系学习部的工作。&nbsp;<br />\r\n			<br />\r\n			7、组织部&nbsp;<br />\r\n			<br />\r\n			（1）负责学生会成员的工作考评。&nbsp;<br />\r\n			<br />\r\n			（2）组织学生会成员的增选和换届选举。&nbsp;<br />\r\n			<br />\r\n			（3）协助各部门组织和策划大型的活动。&nbsp;<br />\r\n			<br />\r\n			8、宣传部&nbsp;<br />\r\n			<br />\r\n			（1）积极宣传党的路线、方针和政策。&nbsp;<br />\r\n			<br />\r\n			（2）宣传学校各项工作的开展情况，反映同学们的学习、文化和生活情况。<br />\r\n			<br />\r\n			（3）负责学生会开展的各项活动的宣传。&nbsp;<br />\r\n			<br />\r\n			（4）负责对各院系板报的检查、评比。&nbsp;<br />\r\n			<br />\r\n			（5）协调各院系宣传部的工作。&nbsp;<br />\r\n			<br />\r\n			9、文艺部&nbsp;<br />\r\n			<br />\r\n			（1）开展丰富多彩的校园文艺活动，提高广大学生的艺术修养，繁荣校园文化生活。&nbsp;<br />\r\n			<br />\r\n			（2）协助校团委搞好文艺宣传活动。<br />\r\n			<br />\r\n			（3）负责学校对外的文艺交流和宣传。&nbsp;<br />\r\n			<br />\r\n			10、体育部&nbsp;<br />\r\n			<br />\r\n			（1）组织各种群众性的体育活动，丰富同学们的课余生活，增强同学们的体质。<br />\r\n			<br />\r\n			（2）协助学校体育部门开展体育运动会。&nbsp;<br />\r\n			<br />\r\n			（3）积极组织学生参加各种社会体育运动。&nbsp;<br />\r\n			<br />\r\n			11、新闻部&nbsp;<br />\r\n			<br />\r\n			（1）负责学生会在校广播站的专栏，对学生会的工作做及时的报道和宣传。&nbsp;<br />\r\n			<br />\r\n			（2）组织学生会成员积极为校报或社会报刊投稿。<br />\r\n			<br />\r\n			（3）负责访谈类节目的组织和开展，让同学们深入了解社会生活。&nbsp;<br />\r\n			<br />\r\n			（4）负责校学生会与学校新闻办公室的联系，为校学生会搜集整理各种新闻材料。<br />\r\n			<br />\r\n			（5）负责《新生入学指南》和学生会《内刊》的编辑与发行。<br />\r\n			<br />\r\n			（6）负责黄河科技学院学生会网站的更新与维护。&nbsp;<br />\r\n			<br />\r\n			（7）协调各部门相关活动材料的处理。&nbsp;<br />\r\n			<br />\r\n			（8）配合各部门所举行的大型活动。<br />\r\n			<br />\r\n			12、维权委员会<br />\r\n			<br />\r\n			（1）通过问卷等多种调研方式收集广大同学合法权益被损害的事实，反映到有关部门并督促其解决。。<br />\r\n			<br />\r\n			（2）负责对广大学生进行普法教育，增强大家的法制观念，提高大家的维权意识。</p>\r\n\r\n			<p>13、新媒体运营中心</p>\r\n\r\n			<p>（1）负责校园内部新浪微博大屏幕互动的申请与使用相关事务。<br />\r\n			<br />\r\n			（2）每月对于各院系学生会官方微博进行针对活跃度、粉丝量、转发量的考核与统计，并且将考核材料上交校学生会组织部进行审核。<br />\r\n			<br />\r\n			（3）帮助符合认证条件的官方部门、学生组织和师生进行微博的官方认证。<br />\r\n			<br />\r\n			（4）对学校各个官方部门、学生组织的官方微博在舆论引导方面进行监督指导，并对其利用微博平台、开通和运营官方微博提供必要的技术指导、支持和培训。<br />\r\n			<br />\r\n			（5）结合微博的线上活动在每学期定期组织举办微博相关的特色的落地活动。<br />\r\n			<br />\r\n			第三章 工作制度<br />\r\n			<br />\r\n			一、校学生会要加强对各院系学生会的协调和指导工作，充分调动和发挥广大同学的积极性和创造性，努力开创校学生会工作的新局面。<br />\r\n			<br />\r\n			二、校学生会各部门开展活动，施行部长负责制，各部及成员间必须加强合作，搞好团结，全体成员必须尽职尽责。<br />\r\n			<br />\r\n			三、校学生会常务委员会会议于每周日晚上六点半在校学生会办公室召开，黄河科技学院学生会全体成员例会每月召开一次。全体成员必须按时参加例会，如因故不能参加者，必须向主席或部长书面请假。凡无故缺席，累计达三次者，给予警告处分，累计达五次者，勒令其退出学生会。<br />\r\n			<br />\r\n			四、各部每周召开一次例会，时间由办公室协调安排。黄河科技学院学生会在每学期开学后的两周制定出本学期的工作计划，提交常务委员会和主席团讨论，通过后上交团委，各部要在每学期开学后的一周内提交本部的工作计划，各部每月交一份工作总结。&nbsp;<br />\r\n			<br />\r\n			五、黄河科技学院学生会的决策实行民主集中制原则，重大问题的决策须由全体成员的2/3通<br />\r\n			<br />\r\n			过，各部内部重要问题的决策须由该部成员的2/3通过，各部或成员必须严格履行通过的决议。<br />\r\n			<br />\r\n			六、黄河科技学院学生会的财务由办公室依照《财务管理条例》进行管理。<br />\r\n			<br />\r\n			第四章 黄河科技学院学生会成员的人事管理<br />\r\n			<br />\r\n			一、黄河科技学院学生会成员的选拔必须严格按照《黄河科技学院学生会成员选拔、任免、奖罚条例》进行。<br />\r\n			<br />\r\n			黄河科技学院学生会对成员的日常考核成绩是成员达到任用和评优的重要的条件之一。<br />\r\n			<br />\r\n			第五章 附则<br />\r\n			<br />\r\n			一、本章程自二○○五年三月十日起执行。&nbsp;<br />\r\n			<br />\r\n			二、本章程在黄河科技学院团委监督下实施，由黄河科技学院学生会具体操作执行。</p>\r\n\r\n			<p>黄河科技学院学生会</p>\r\n\r\n			<p>&nbsp;</p>\r\n\r\n			<p>&nbsp;</p>\r\n\r\n			<p>&nbsp;</p>\r\n			</td>\r\n		</tr>\r\n	</tbody>\r\n</table>\r\n', '2017-05-11 16:44:38', '2017-05-11 16:44:38', '黄河科技学院学生会章程', '10', '20', '0', '0');
INSERT INTO `t_topic` VALUES ('64', '<p>我本科是政治学与行政学专业后跨考到社会学，第一志愿报考的是南开大学社会学专业，复试时以3分之差无缘南开。后调剂到地方的社会科学院。总分为352分；英语：62 政治：65 社会学理论：105 调查方法：120<br />\r\n<br />\r\n接下来我主要和大家介绍、分享一下我在这多半年的跨考经历：<br />\r\n<br />\r\n在2015年的九月份，我决定了报考院校和专业，同时通过各种途径比如贴吧，微信群、qq群、考研帮、来收集信息。我自己是在考研帮上找到南开大学社会学的一位学长。真的很建议你们能找到考上本学校本专业的学长学姐，他们会给你提供很多有效的帮助，让你少走弯路。<br />\r\n<br />\r\n相信前面的学长学姐在公共课上提供了很多有效的信息。在公共课方面我就不再多说，只简单的提几句。<br />\r\n英语方面：单词很重要，一定要背单词。这对后来的阅读、翻译都很有帮助。作文如果时间不够，可以根据各种话题类型自己准备一个模板。<br />\r\n政治方面：建议有时间的话还是把肖秀荣八套卷上的主观题（大题） 记一下，如果记不住可以只记答题的要点，从哪几方面展开论述。17年政治主观题，肖八几乎全压中，很遗憾的是我时间不够，没有看。<br />\r\n<br />\r\n下面我主要讲一下跨专业专业课的准备方法和考研过程中心态问题，以及考研复试中的一些经验教训。<br />\r\n<br />\r\n<strong>一、专业课的复试方法</strong><br />\r\n<br />\r\n由于我是跨考到社会学，参考书目很多共7本。因此在2015年11月份我就开始了专业课的复习。专业课复习时一定要先看书，第一遍的时候可以大致浏览书中的内容，了解书中讲的是什么。如果可以要逐步形成对整本书的一个完整的框架。第二遍的时候要在理解的基础上形成对全书一个完整的框架。比如说这本是讲理论思想的，你要清楚理论思想的发展阶段，前期、中期、后期的理论内容、侧重点。不一定要记得特别细，但心里要有一个框架。第三遍的时候就要在框架里面填充内容。比如一个理论流派，它产生的背景是什么、代表人物、主要的观点以及后世对他的评价。这些都要了解，像主要观点和影响这些要在理解的基础上记住。第四遍、第五遍乃至更多遍就是在框架基础上不断加强对书中内容的记忆。其实初试主要是考你的记忆背诵能力，在理解的基础记忆比较容易而且记得牢。至于需不需要整理笔记，主要取决自己。如果觉得自己整理笔记对复习有帮助，可以自己整理。整理过程中要参考一些资料，多向考上学长学姐请教。闭门造车对考研是非常不利的。如果有学长学姐整理的笔记，也可以根据这个进行记忆。Ps:专业课最好在理解的基础上进行记忆。专业课记忆过程枯燥，甚至会有放弃的念头，但一定要坚持下来，坚持下来你会发现没什么大不了的。<br />\r\n<br />\r\n<strong>二、心态问题</strong><br />\r\n<br />\r\n心态问题很重要，在考研过程中你会有各种的念头不想坚持、想放弃。但不要因此怀疑自己，这在考研中是很正常的。如果感觉压力大，很难集中精力，不要强迫自己再坚持下去。去散散步、或者看个电影，放松自己。越是到考研后期压力越大，也会想放弃。但你记住，在你这样想的时候，你的对手也这样想。谁坚持到最后才能获得成功。考研在很大程度上也是考你的心理素质，心态越好，越有可能取得成功。<br />\r\n<br />\r\n<strong>三、复试的经验教训</strong><br />\r\n<br />\r\n在复试准备过程中，要尽量熟知3-4本的专业著作。1-2本是要很熟悉主要内容、观点。剩下你可以不用看完全书，可以在网上找一下该书的简介、书中的主要观点，一定要能说出来。如果有时间尽量在大一大二就看一些专业的书籍，这对于你跨专业的入门、对专业的理解都有很大的好处。跨专业的同学还要注意，并不是你跨专业，导师在问你的时候就不会问你本专业的问题，他们也会问你对本专业看过什么著作，对本专业的看法，为什么要跨专业（这几乎是跨专业必问的问题）。这些问题都要准备好，越详细越好。<br />\r\n<br />\r\n复试在准备简历时，一定不要写自己不擅长的一面，把自己的优势尽可能多的展示给老师。我复试是就因为这个吃了亏。<br />\r\n<br />\r\n做好两手准备。如果能进学校的复试，但排名靠后。这时候你除了准备该学校复试外，还要收集调剂的信息。哪些学校有这个专业、专业较好。做两手准备，一旦复试失败就立即进行调剂。伤心先放到后面。<br />\r\n<br />\r\n我所说的都是我在这上面吃过亏，希望你们吸取我的教训。<br />\r\n<br />\r\n如果学弟学妹们有时间的话，最好在大二的时候考一下雅思。并不一定要出国才考雅思，它也代表你的英文水平。南开有一个格拉斯哥项目，为进入第一志愿复试的学生，提供的调剂机会。如果在南开复试未被录取，你可以调剂到这个项目。如果有这个证书的话，只要你英语口试通过，那基本可以录取！分数要求是雅思6.5.听说读写都是6分。这样可以无条件录取。但是：费用较高，报名费1900元。每个月都有考试时间，可以去官网搜索。这个证书两年期限所以太早考也没太大作用。这个了给大家分享一个不错的英语网络课：<a href=\"http://dwz.cn/2AiZ81\" target=\"_blank\">http://dwz.cn/2AiZ81</a>，我舍友考雅思的时候就是在那里学习的，效果很好，学了差不多3个月左右，最后考了7分，而且学习成本也不高，一节课20元左右，大家有需要也可以试试<br />\r\n<br />\r\n<br />\r\n最后希望你们每个人都能通过自己的努力，成功考取自己理想的学校。加油吧！<br />\r\n<br />\r\n<br />\r\n<br />\r\n<br />\r\n<br />\r\n<br />\r\n&nbsp;</p>\r\n', '2017-05-11 16:46:03', '2017-05-11 16:46:03', '17考研复试的经验教训', '13', '20', '0', '0');
INSERT INTO `t_topic` VALUES ('65', '<table cellpadding=\"0\" cellspacing=\"0\" style=\"width:958px\" summary=\"pid349503\">\r\n	<tbody>\r\n		<tr>\r\n			<td style=\"vertical-align:top\">\r\n			<table cellpadding=\"0\" cellspacing=\"0\" style=\"width:757px\">\r\n				<tbody>\r\n					<tr>\r\n						<td>五一小长假，2017第十五届萤火虫动漫游戏嘉年华在广州国际采购中心开展，此次展会为期三天，每天有十几万的动漫爱好者汇聚于此，盛况超前！在众星云集的此次漫展上，《狼人杀》首次亮相就吸引了大量玩家的关注。<br />\r\n						&nbsp; &nbsp;&nbsp;&nbsp;暴走明星玩狼人杀 获高人气关注<br />\r\n						&nbsp; &nbsp;&nbsp;&nbsp;在暴走漫画的表演舞台上，张全蛋和赵铁柱，邀请现场观众玩起来狼人杀猜身份的游戏，引起现场热烈的回应。<br />\r\n						<br />\r\n						<img src=\"http://www.ibupt.com/data/attachment/forum/201705/06/173627t1q6a4xe6vxca856.jpg.thumb.jpg\" /><br />\r\n						&nbsp; &nbsp;&nbsp;&nbsp;这是狼人杀官方首次参加漫展，名为&ldquo;狼人杀官方体验馆&rdquo;的展馆分为活动区和体验区，为了在嘈杂的漫展环境中让玩家有更好的游戏体验，狼人杀官方做了充足的准备，有专业的话筒和音响，保证在场玩家可以听清发言。可以在漫展上玩一局狼人杀，这样新奇的体验让狼人杀官方体验馆从早上开始就处于人满为患的状态，报名玩家络绎不绝，上一局的玩家流连忘返，纷纷要求再玩一局，围观群众也在激烈的讨论，这个展馆，届时成为了漫展中最吸睛的区域。<br />\r\n						&nbsp; &nbsp;&nbsp;&nbsp;除了体验区，活动区也同样精彩纷呈，卡牌的翻牌游戏，简单又富有戏剧性，而接近两米的人形立牌，吸引游客驻足拍照留念。<br />\r\n						&nbsp; &nbsp;&nbsp;&nbsp;狼人杀卡牌画风设计 备受玩家喜爱<br />\r\n						&nbsp; &nbsp;&nbsp;&nbsp;除了狼人杀游戏，在游戏中使用的卡牌也引起了玩家们的注意。独特的蒂姆伯顿画风，制作精良，加上超大的尺寸，都给玩家留下了深刻的印象，纷纷询问起卡牌出处。<br />\r\n						<br />\r\n						<img src=\"http://www.ibupt.com/data/attachment/forum/201705/06/173628ykc6ouwruuk6uotb.jpg.thumb.jpg\" /><br />\r\n						&nbsp; &nbsp;&nbsp;&nbsp;原来这套卡牌是狼人杀官方2017年出品的卡牌，在漫展上使用的是竞技典藏版，专门用于赛事，同时还有官方限定版，更适合日常聚会使用。此套卡牌形象，是由中国美院一个尚未毕业的天才画室操刀设计，奇幻而又独特的蒂姆伯顿画风，让卡牌角色更加丰满有趣，游戏体验更加。<br />\r\n						&nbsp; &nbsp;&nbsp;&nbsp;今天，狼人杀官方2017版卡牌正在京东活动众筹中，上线首日不到10小时，就已经达成30万众筹目标。对于一个桌游卡牌的众筹来说，不得不说是一个奇迹，这足以感受到玩家对卡牌的热情，更让我们看到狼人杀这个游戏火爆程度。<br />\r\n						&nbsp; &nbsp;&nbsp;&nbsp;最高规格狼人杀赛事即将开启<br />\r\n						&nbsp; &nbsp;&nbsp;&nbsp;此次狼人杀官方参展，还有一个更重要的信息想要传递给狼杀爱好者们，由狼人杀官方与大王直播联合主办的狼人杀英雄联赛（简称WPL）将在5月6日全面开战！五大线下赛区，12个城市，北京、上海、广州、西安、武汉、青岛、南京、杭州、深圳、成都、长沙、苏州，你的城市，由你守护。线上赛区同步开启。<br />\r\n						&nbsp; &nbsp;&nbsp;&nbsp;WPLS7是国内狼人杀比赛总奖金额度非常丰厚的一届，总奖金额度超过十万，最终进入总决赛的十二位玩家，将代表国内狼人杀顶尖战力进行精彩对决。<br />\r\n						&nbsp; &nbsp;&nbsp;&nbsp;具体报名方式可以登录空中网或关注狼人杀英雄榜官方微信参与报名。<br />\r\n						&nbsp; &nbsp;&nbsp;&nbsp;狼人杀官方的初心，是希望成为朋友相聚的纽带。狼人杀（海南）文化传媒有限公司作为国内唯一拥有&ldquo;狼人杀&rdquo;相关知识产权的公司，在未来将继续致力于狼人杀游戏及相关衍生品的研发与运营，并为更多狼人杀爱好者提供更专业与细致的服务。<br />\r\n						&nbsp; &nbsp;&nbsp;&nbsp;本次的漫展活动，也成为了五湖四海的狼杀好友相聚的机会，专程从大连、上海等地赶到漫展现场的玩家不在少数，我们也将不忘初心，继续&rdquo;为了朋友的相聚&ldquo;努力。<br />\r\n						&nbsp; &nbsp;&nbsp;&nbsp;日前，第十五届萤火虫动漫游戏嘉年华在广州国际采购中心圆满落下帷幕。但是更多精彩的狼人杀对局将在更多城市上演，会有更多的陌生人因为共同的爱好成为朋友。</td>\r\n					</tr>\r\n				</tbody>\r\n			</table>\r\n			</td>\r\n		</tr>\r\n		<tr>\r\n			<td style=\"vertical-align:top\">&nbsp;</td>\r\n		</tr>\r\n	</tbody>\r\n</table>\r\n', '2017-05-11 16:50:15', '2017-05-11 16:50:15', '萤火虫漫展，与暴走明星一起狼人杀', '14', '20', '0', '0');
INSERT INTO `t_topic` VALUES ('66', '<p>做为宅男，cos也见多不怪的节奏了, 看到这组极品笑傲玩家的cos，才真的觉得什么叫吊炸天的节奏！校园cos如此霸气，看完节操都碎成渣了！&nbsp;<img src=\"http://www.ibupt.com/data/attachment/forum/month_1309/1309280857a99d272e44065899.jpg\" style=\"width:497px\" />&nbsp;<br />\r\n<img src=\"http://www.ibupt.com/data/attachment/forum/month_1309/130928085768b64bf0758ef494.jpg\" style=\"width:497px\" />&nbsp;<br />\r\n<br />\r\n<img src=\"http://www.ibupt.com/data/attachment/forum/month_1309/1309280857dbe85951f9988018.jpg\" style=\"width:475px\" />&nbsp;<br />\r\n<br />\r\n<br />\r\n<img src=\"http://www.ibupt.com/data/attachment/forum/month_1309/1309280857b0453cc1366b2c48.jpg\" style=\"width:497px\" />&nbsp;<br />\r\n<br />\r\n<br />\r\n<img src=\"http://www.ibupt.com/data/attachment/forum/month_1309/13092808570abe09d1f45f04b9.jpg\" style=\"width:497px\" />&nbsp;<br />\r\n<br />\r\n<img src=\"http://www.ibupt.com/data/attachment/forum/month_1309/1309280857e220904a11f5e2f5.jpg\" style=\"width:497px\" /></p>\r\n', '2017-05-11 16:51:11', '2017-05-11 16:51:11', '笑傲江湖ol玩家爆笑cos，绝对极品！', '14', '20', '0', '0');
INSERT INTO `t_topic` VALUES ('67', '<p><a href=\"http://xh.myuall.com/d/1025?pageSize=1&amp;pageNo=2\"><img alt=\"-校花\" src=\"http://img.myuall.com/univ/beauty/img/7641.jpg\" /></a></p>\r\n\r\n<p>职业：星座：职业：年龄：</p>\r\n\r\n<p>&nbsp; &nbsp;</p>\r\n\r\n<p>章泽天，江苏南京人，因一张手捧奶茶的照片而在网络意外走红，因此被称为&ldquo;奶茶妹妹&rdquo;。奶茶妹妹最初走红原因是因为清纯甜美，但不同于一般的网络美女，奶茶妹妹才貌双全，高一就荣获全国健美操亚军，国家一级运动员称号。同时成绩优秀，于2011年保送清华，被视为&ldquo;清华大学校花&rdquo;。</p>\r\n\r\n<p>&nbsp;</p>\r\n\r\n<p>别名：奶茶妹妹</p>\r\n\r\n<p>星座：射手座</p>\r\n\r\n<p>毕业院校：南京外国语学校</p>\r\n\r\n<p>出生日期：1993年11月18日</p>\r\n\r\n<p>父亲：章丽厚，南京会斯通老板</p>\r\n\r\n<p>&nbsp;</p>\r\n\r\n<p>母亲：姓徐，名字不详，药剂师</p>\r\n\r\n<p>　　</p>\r\n\r\n<p>身高：162cm</p>\r\n\r\n<p>&nbsp;</p>\r\n\r\n<p>大学：清华大学（人文科学实验班）</p>\r\n\r\n<p>2011年8月17日入校报到</p>\r\n\r\n<p>&nbsp;</p>\r\n\r\n<p>高中：南京外国语学校 2008年9月入学</p>\r\n\r\n<p>&nbsp;</p>\r\n\r\n<p>初中：南京外国语学校 2005年9月入学</p>\r\n\r\n<p>&nbsp;</p>\r\n\r\n<p>小学：南京市游府西街小学 1999年9月入学</p>\r\n\r\n<p>&nbsp;</p>\r\n\r\n<p>&nbsp;</p>\r\n\r\n<p>网友评价：有网友用美丽、大方、优雅、文静、脱俗、纯洁、开朗、善良、善于交际、另类、有耐力、有见识、有仪态、艳冠群芳等50多个词汇，来形容她。 　　最喜欢的颜色：粉红，白</p>\r\n\r\n<p>工作联系：innerpeace1118@gmail.com</p>\r\n\r\n<p><a href=\"http://xh.myuall.com/d/1025?pageSize=1&amp;pageNo=3\"><img alt=\"-校花\" src=\"http://img.myuall.com/univ/beauty/img/7642.jpg\" /></a><a href=\"http://xh.myuall.com/d/1025?pageSize=1&amp;pageNo=4\"><img alt=\"-校花\" src=\"http://img.myuall.com/univ/beauty/img/7643.jpg\" /></a><a href=\"http://xh.myuall.com/d/1025?pageSize=1&amp;pageNo=6\"><img alt=\"-校花\" src=\"http://img.myuall.com/univ/beauty/img/7645.jpg\" /></a></p>\r\n', '2017-05-11 16:55:11', '2017-05-11 16:55:11', '章泽天', '16', '20', '0', '0');
INSERT INTO `t_topic` VALUES ('68', '<p><a href=\"http://xh.myuall.com/d/1011?pageSize=1&amp;pageNo=2\"><img alt=\"-校花\" src=\"http://img.myuall.com/univ/beauty/img/7608.jpg\" /></a></p>\r\n\r\n<p>职业：星座：职业：年龄：</p>\r\n\r\n<p>钟恩淇，原名钟文娟，出生于江西省赣州市安远县镇江镇，曾参与浙江卫视娱乐节目《我爱记歌词》和湖南卫视《挑战麦克风》的录制。09年在网上发布自己录制的歌曲视频，以其清新脱俗的形象和宛如清澈溪水般的声音在短时间内在网络上获得了很高人气，网友称之为&ldquo;最美邻家女孩&rdquo;。</p>\r\n\r\n<p>&nbsp;</p>\r\n\r\n<p>&nbsp;</p>\r\n\r\n<p>体 &nbsp; &nbsp;重44KG</p>\r\n\r\n<p>出生地江西赣州</p>\r\n\r\n<p>出生日期1990年7月17日</p>\r\n\r\n<p>职 &nbsp; &nbsp;业歌手、演员、平面模特、时尚博主</p>\r\n\r\n<p>毕业院校南昌大学</p>\r\n\r\n<p>三 &nbsp; &nbsp;围80-58-84</p>\r\n\r\n<p><a href=\"http://xh.myuall.com/d/1011?pageSize=1&amp;pageNo=3\"><img alt=\"-校花\" src=\"http://img.myuall.com/univ/beauty/img/7609.jpg\" /></a><a href=\"http://xh.myuall.com/d/1011?pageSize=1&amp;pageNo=4\"><img alt=\"-校花\" src=\"http://img.myuall.com/univ/beauty/img/7610.jpg\" /></a><a href=\"http://xh.myuall.com/d/1011?pageSize=1&amp;pageNo=6\"><img alt=\"-校花\" src=\"http://img.myuall.com/univ/beauty/img/7612.jpg\" /></a><a href=\"http://xh.myuall.com/d/1011?pageSize=1&amp;pageNo=7\"><img alt=\"-校花\" src=\"http://img.myuall.com/univ/beauty/img/7613.jpg\" /></a></p>\r\n', '2017-05-11 16:57:31', '2017-05-11 16:57:31', '钟恩淇', '16', '20', '0', '0');
INSERT INTO `t_topic` VALUES ('69', '<p><img src=\"http://www.hhstu.cn/uploadfiles/images/2016/6/286462693.png\" style=\"height:auto\" /></p>\r\n\r\n<p><img src=\"http://www.hhstu.cn/uploadfiles/images/2016/6/286462796.png\" style=\"height:auto\" /></p>\r\n\r\n<p><img src=\"http://www.hhstu.cn/uploadfiles/images/2016/6/2864628224.png\" style=\"height:auto\" /></p>\r\n', '2017-05-11 16:59:03', '2017-05-11 16:59:03', '2015年专升本、对口专业招生最低录取分数线', '17', '20', '0', '0');
INSERT INTO `t_topic` VALUES ('70', '<p>北依滔滔黄河，南望巍巍嵩山，岿然坐落于中原历史文化名城&mdash;&mdash;河南省郑州市。雄浑中原，弦歌不绝。黄河科技学院在这里诞生，发展、壮大。</p>\r\n\r\n<p>　　</p>\r\n\r\n<p>&nbsp;</p>\r\n\r\n<p>黄河科技学院创办于1984年，本部位于河南省郑州市，是经教育部批准成立的一所民办普通本科高校。1994年第一个经国家教委批准实施专科学历教育，2000年第一个经教育部批准实施本科学历教育；2004年取得学士学位授予权；2008年通过教育部普通高等学校本科教学工作水平评估；2013年被教育部批准为全国首批&ldquo;应用科技大学改革试点战略研究单位&rdquo;，并成为中国应用技术大学联盟的首批成员和河南省首批转型发展试点高校；2014年学校获高等教育国家级教学成果二等奖。2015年，学校&ldquo;黄河众创空间&rdquo;被科技部认定为全国首批众创空间，学校获批&ldquo;河南省大学生创业示范基地&rdquo;&ldquo;河南省首批示范性应用技术类型本科院校&rdquo;。2016年，学校荣登首批&ldquo;全国高校创新创业工作50强&quot;榜单，学校大学科技园被认定为国家级科技企业孵化器，学校获批&ldquo;河南省创业孵化示范基地&rdquo;&ldquo;河南省省普通大中专毕业生就业创业工作先进单位&rdquo;。2017年，学校创业园获批&ldquo;全国大学生创业示范园&rdquo;，学校获批&ldquo;河南省首批高校双创基地&rdquo;。学校的发展史就是一部敢为天下先的创新创业史，曾两次被美国弗吉尼亚大学商学院写进教学案例，并被《人民日报》《华盛顿邮报》等中外著名媒体多次报道。　　</p>\r\n\r\n<p>黄河科技学院在郑州市有两个校区，济源市有一个校区，占地2800余亩，校舍建筑面积100多万平方米。学院现有商贸学院、医学院、应用技术学院等16个二级学院；设有工学、理学、文学、医学、管理学等九大学科门类；开设电子信息工程、临床医学、工商管理、数据科学与大数据技术等65个本科专业，数控技术、护理等33个专科专业；其中区域经济学、通信与信息系统、机械制造及其自动化3个学科为河南省重点学科；护理学、机械设计制造及其自动化、电子信息工程、音乐表演、计算机科学与技术、材料成型及控制工程6个专业为河南省特色专业；通信工程、材料成型及控制、经济学、护理学、机械设计制造及其自动化、广播电视编导、土木工程等7个专业为河南省民办教育品牌专业；通信工程、经济学、机械设计制造及其自动化、电子信息工程、环境设计、材料成型及控制工程、工商管理、服装与服饰设计8个河南省专业综合改革试点专业；机械设计制造及其自动化为河南省本科工程教育人才培养模式改革试点专业。学校拥有的省级重点学科、特色专业数量位居全省民办高校第一。建有纳米功能材料研究所、民办教育研究所等11个研究所；设有国家职业技能鉴定站、国家大学生校外实践教育基地、河南省校园足球领导小组办公室、河南省博士后研发基地、工程技术研究中心、重点学科、特色专业、实验教学示范中心等高层次教学科研平台45个。现有全日制在校生30000余人，教师1800余人，具有高级职称的教师近50%，青年教师中80%具有研究生学历。拥有工程师暨教师、律师暨教师、会计师暨教师等各类&ldquo;双师型&rdquo;教师630余人，拥有中国工程院院士、享受国务院政府特殊津贴专家、教育部新世纪优秀人才、国家级教学成果奖获得者、国家和省级教学名师、省级学术技术带头人等荣誉教师150余人。设有国家职业技能鉴定站、国家大学生校外实践教育基地、国家专业综合改革试点、河南省院士工作站、博士后研发基地、工程技术研究中心、实验教学示范中心等高层次教学科研平台50余个。建有各科类实验（实训）室110个，实验分室288个，校内实训基地15个，校外实训基地316个；教学科研仪器设备价值2.4亿元；馆藏图书300多万册。</p>\r\n\r\n<p>办学32年来，学校秉持&ldquo;为国分忧、为民解愁、为社会主义现代化建设服务&rdquo;的办学宗旨，坚持社会主义办学方向，育人为本，德育为先，创立了&ldquo;以党建为核心，全面加强思想政治工作&rdquo;的思政工作模式；以培养一线创新人才为目标，积极深化教育教学改革，构建了&ldquo;本科学历教育与职业技能培养相结合&rdquo;的人才培养模式，为国家培养了16万余名&ldquo;下得去、留得住、用得上、干得好&rdquo;的高素质应用型人才。学校围绕创新创业，广泛开展校企、校政深度合作，形成了特色鲜明的产学研相结合的创新创业教育模式，搭建了多元化创新创业服务平台，构建了立体化创新创业支持体系，营造了浓厚的创新创业文化氛围，推动了学校创新创业工作的成功开展。学校曾荣获&ldquo;全国民办高校先进单位&rdquo;&ldquo;全国诚信自律先进单位&rdquo;&ldquo;黄炎培优秀学校&rdquo;&ldquo;全国三八红旗集体&rdquo;&ldquo;全国五四红旗团委&rdquo;&ldquo;全国优秀高等教育研究机构&rdquo;&ldquo;省级文明单位&rdquo;&ldquo;河南省先进基层党组织&rdquo;&ldquo;河南省就业创业工作先进单位&rdquo;&ldquo;河南省依法治校示范校&rdquo;等荣誉称号。</p>\r\n\r\n<p>&nbsp;</p>\r\n\r\n<p>&nbsp;</p>\r\n\r\n<p>东方之子&mdash;&mdash;黄河科技学院创办人胡大白教授</p>\r\n\r\n<p>　</p>\r\n\r\n<p>胡大白，黄河科技学院董事长，创办人，教授，第十届全国人大代表，享受国务院政府特殊津贴专家，中国民办教育协会监事会主席，河南省民办教育协会会长。曾荣获第三届&ldquo;中国十大女杰&rdquo;&ldquo;全国三八红旗手&rdquo;&ldquo;60年60人中国教育成就奖&rdquo;&ldquo;中国好人&rdquo;&ldquo;中国好校长&rdquo;&ldquo;河南省优秀共产党员&rdquo;&ldquo;河南省劳动模范&rdquo;&ldquo;河南省道德模范&rdquo;等荣誉称号。</p>\r\n\r\n<p>新华社、中央电视台&ldquo;东方之子&rdquo;、&ldquo;半边天&rdquo;&ldquo;对话&rdquo;栏目，中央电视台英语新闻频道、中国教育电视台、《人民日报》《光明日报》《中国教育报》《华盛顿邮报》等中外知名媒体都曾专题报道过她先进的办学理念和管理经验。</p>\r\n\r\n<p>她高瞻远瞩、勇立潮头，奠定了学校的第一块基石。</p>\r\n\r\n<p>敢为天下先，她迈出了中国民办高等教育的第一步。</p>\r\n\r\n<p>&ldquo;为国分忧，为民解愁，为社会主义现代化建设服务&rdquo;的办学宗旨，引领学校勇立时代潮流奔涌向前。</p>\r\n\r\n<p>&nbsp;</p>\r\n\r\n<p>&nbsp;</p>\r\n\r\n<p><strong>杨雪梅校长&mdash;&mdash;</strong><strong>教授 硕士生导师 北京大学博士后</strong></p>\r\n\r\n<p>&nbsp;</p>\r\n\r\n<p>&nbsp;</p>\r\n\r\n<p>杨雪梅，黄河科技学院校长，教授，硕士生导师，北京大学博士后。第十二届全国人大代表，第十届河南省政协常委，民建中央委员，民建河南省委常委，全国青联常委，河南省青联副主席，中国民办教育协会副会长，河南省民办教育协会常务副会长兼秘书长，河南省高校创新创业协会会长，中华职教社河南分社副主任，河南省政府督学，河南省教育评估中心首批评估专家。曾荣获&ldquo;全国五一劳动奖章&rdquo;&ldquo;全国五一巾帼奖章&rdquo;&ldquo;全国青年五四奖章&rdquo;&ldquo;全国三八红旗手&rdquo;&ldquo;河南省青年联合会杰出贡献奖&rdquo;等荣誉称号。</p>\r\n\r\n<p>&nbsp;</p>\r\n\r\n<p>杨雪梅校长从事民办高校管理工作，致力于民办高等教育领域理论研究。近年来出版专著3部，主持参与《民办高校应用型人才培养模式创新与实践》等省部级以上课题20余项，发表论文40余篇。曾荣获高等教育国家级教学成果二等奖1项，河南省高等教育教学成果特等奖1项，河南省社会科学优秀成果一等奖1项、二等奖2项。被授予首批&ldquo;2012年度河南省学术技术带头人&rdquo;&ldquo;河南省十大科技领军人物&rdquo;&ldquo;河南省教育厅优秀教育管理人才&rdquo;等荣誉称号。</p>\r\n\r\n<p>有一种情感叫责任，有一种行动叫奋进，有一种追求叫超越，有一种发展叫创新。</p>\r\n\r\n<p>杨雪梅校长在国家教育政策和经济社会发展的新形势下，推动学校转型发展进入了一个新阶段，带领学校走向更加广阔的未来。</p>\r\n\r\n<p>　　</p>\r\n\r\n<p>设施先进 凸显实力</p>\r\n\r\n<p>&nbsp;</p>\r\n\r\n<p>学院注重教学设施建设，目前建有可容纳1000余人的专业音乐厅、可容纳1800余人的学术报告厅、可容纳5000余人的综合体育馆、图书信息大楼等现代化的教学设施。学院教学科研仪器设备总值2.4亿元。学院现有各科类实验（实训）室110个，实验分室288个，校内实训基地15个，为学生搭建实践锻炼的良好平台。</p>\r\n\r\n<p>学院为学生搭建创新实践发展的多种平台，建有河南省院士工作站、河南省博士后研发基地、河南省纳米复合材料与应用重点实验室、河南省工程技术研究中心、河南省非物质文化研究基地，河南省高等学校实验教学中心2个，郑州市重点实验室12个，校级重点实验室4个。</p>\r\n\r\n<p>学校被评为&ldquo;河南省高等学校数字化校园示范学校&rdquo;&ldquo;河南省教育科研计算机网建设工作先进单位&rdquo;。学校设有全国职业技能鉴定所和全国现代制造技术数控工艺职业技能培训点，教学设施完备，让学生实现&ldquo;一专多能、一人多证&rdquo;的职业优势。</p>\r\n\r\n<p>学校现有馆舍面积41659平方米，设有18个书库，各类图书资料294万册，其中纸质图书189.4万册、电子图书100.3万种；中外文期刊2341种、报纸178种，其中专业类期刊占总数的90%以上；阅览室18个，座位4600余个；拥有中外文数据库23个；通过馆际互借和文献传递等方式，共享包括清华、北大在内的全国著名高等学府的各类优质资源，成为CALIS在河南省13个成员馆中的唯一的民办高校图书馆。成为继郑州大学图书馆之后在河南省第二个最先建成了&ldquo;读秀跨库检索信息平台&rdquo;的图书馆，荣获&ldquo;河南省科学技术情报学会先进集体&rdquo;等称号。</p>\r\n\r\n<p>学校已建成&ldquo;千兆主干到楼宇、百兆交换到桌面&rdquo;的高速校园网络系统。校园网出口带宽达3.2Gbps，交换设备600多台，信息点数12000多个，建立了教务、科研、图书、学工、校友、精品课程、网络课堂等信息化管理系统，实现了数字化校园建设目标，被评为&ldquo;河南省高等学校数字化校园示范工程单位&rdquo;&ldquo;河南省高等学校数字化校园示范学校&rdquo;。</p>\r\n\r\n<p>&nbsp;</p>\r\n\r\n<p><strong>群贤毕至 名师强校</strong></p>\r\n\r\n<p>&nbsp;</p>\r\n\r\n<p>学校始终坚持以人为本，实施&ldquo;人才强校&rdquo;战略，推动学校内涵建设，增强学校核心竞争力。学校具有高级职称的教师近50%，青年教师中80%具有研究生学历。各学科专业都拥有高水平的学术带头人。拥有享受国家政府津贴的专家、国家教学成果奖获得者、国家优秀教师、省级优秀教师、省级教学名师、省级学术技术带头人、省级教学标兵等荣誉的教师150余人；拥有工程师暨教师、律师暨教师、会计师暨教师等各类&ldquo;双师型&rdquo;教师600余人，使教学与生产、教学与科研、教学与社会紧密结合。</p>\r\n\r\n<p>&nbsp;</p>\r\n\r\n<p>学校教学科研成果显著，共承担科研项目3476项，其中国家自然科学基金项目10项，国家社会科学基金项目2项，教育部、河南省科技计划等省部级课题300余项；发表学术论文8010篇，其中检索收录280篇、中文核心期刊1356篇；出版著作及教材914部；获得各类科研成果奖3363项，师生共获得国家授权专利1316余项。其中河南省科学技术进步奖及郑州市科学技术进步奖各3项，河南省社科优秀成果奖8项；教育部新世纪优秀人才支持计划项目1项。学校实施&ldquo;以赛促学&rdquo;工程，2014年以来，学生在全国互联网+创新创业大赛、大学生数学建模竞赛、电子设计大赛等学科竞赛中获得省区级以上4700余项，其中全国级奖励600余项；奖励金额达295万余元。</p>\r\n\r\n<p>为开阔学生视野，启迪学生思维，塑造学生人格，弘扬先进文化，传承大学精神，构建文化氛围浓郁的校园环境，黄河科技学院精心打造了&ldquo;黄河讲坛&rdquo;，广泛邀请知名专家、教授、社交文化名流、企业精英等开坛设讲，内容主要涉及学术前沿、社会热点、先进文化与思想动态。自2007年11月开坛以来，&ldquo;黄河讲坛&rdquo;已举办191期，直接和间接受益人数达数百万之众，其影响在河南省高校同类讲坛中处于领先水平。</p>\r\n\r\n<p>&nbsp;</p>\r\n\r\n<p>服务为本 终身就业</p>\r\n\r\n<p>　　</p>\r\n\r\n<p>学校围绕就业工作创新办学理念，探索出&ldquo;本科学历教育与职业技能培养相结合&rdquo;的特色化人才培养模式，立足学生职业发展方向量身打造，分类指导，对学生就业、创业、深造实施服务&quot;一条龙&quot;，真正让学生&ldquo;好就业，就好业&rdquo;。学校高度重视毕业生就业工作，积极实施&ldquo;毕业生就业工程&rdquo;：对每一位学生&ldquo;量身打造&rdquo;，进行职业生涯规划，开设全程化、专业化的就业创业指导课程，紧密结合市场经济和社会发展对人才的需求，为学生提供终身就业服务。　</p>\r\n\r\n<p>学校培养了一大批&ldquo;下得去、留得住、用得上&rdquo;的应用型高级专门人才，受到社会各界和用人单位的欢迎和好评，曾荣获：&ldquo;全国毕业生就业典型经验高校&rdquo;（就业50强）&ldquo;全国高校毕业生预征入伍先进单位&rdquo;&ldquo;全国女大学生创业实践基地&rdquo;&ldquo;中国民办高校毕业生竞争力调查年度十佳样本院校&rdquo;&ldquo;全国企业招聘首选十佳院校&rdquo;&ldquo;河南最具公信力十大教育品牌&rdquo;&ldquo;河南省普通大中专毕业生就业创业工作先进单位&rdquo;&ldquo;河南省普通高校毕业生就业工作优秀单位&rdquo;&ldquo;河南省创业教育示范高校&rdquo;&ldquo;河南省普通高校毕业生先进单位&rdquo;&ldquo;河南省最具就业竞争力十佳典范高校&rdquo;等荣誉。　</p>\r\n\r\n<p>1997年，学校在全国高校中第一个把人才市场引进校园，让学生与用人单位面对面交流，人才供需双方实现双向选择。2014年，学校依托黄河科技学院大学科技园成立了黄河众创空间，它定位为海内外大学生和高校教师及科研人员创新创业的交流和实践平台，充分发挥新型创新创业孵化平台的互补优势，强调创新与创业相结合、线上与线下相结合、孵化与投资相结合。目前在孵企业66家，以科技型中小微企业为主。培育创业团队和项目131个，拥有自主知识产权（专利）的创客170人。同时，学校积极开拓就业市场，与用人单位开展多种合作，先后在北京、上海、广东、浙江、河南等地建立600余个就业（实习）基地，与黄河实业集团、邮电设计院、郑州空军医院等3000余家大中型企事业单位建立长期合作关系。</p>\r\n\r\n<p>学校毕业生的就业情况在全国同类高校中始终居于前列。毕业生的去向主要集中于国家机关、事业单位、国有大中型企业、金融保险、高校科研、外商投资企业、民营企业等单位。如：国家海洋技术中心，人民日报社，中国建筑工程总公司上海分公司，河南省国土资源厅，河南省审计厅，河南省人力资源开发中心，河南省遥感测绘院，河南电视台，河南省交通建设工程有限公司等。</p>\r\n\r\n<p>黄科大学子在近几年考研大潮中取得了骄人的成绩，众多学子以优异成绩考入哈佛大学、清华大学、北京大学、中国人民大学、浙江大学、中山大学、武汉大学、北京外国语学院、上海大学、中南财经政法大学、华中师范大学等名牌高校，攻读硕士研究生学位。</p>\r\n\r\n<p>&nbsp;</p>\r\n\r\n<p>海纳百川 育无国界</p>\r\n\r\n<p>&nbsp;</p>\r\n\r\n<p>学校是中国第一所具有接收国外留学生资质的民办高校，先后与美国、加拿大、英国、爱尔兰等众多知名高校或科研机构建立了友好合作关系。经批准，先后与美国佐治亚州立大学、肖特大学及爱尔兰垂利理工学院开展本专科层次合作办学，多次参与和承办国际学术会议。每年向国外高校输送大量优秀学生深造，积极开展特色语言培训、游学夏令营等项目，提高学生语言水平，拓宽学生国际化视野，为学生提供国外优质教育资源学习平台。</p>\r\n\r\n<p>凭借丰富的国际化办学经验和鲜明的中西方有效结合的管理特色，黄河科技学院赢得了社会各界的众多赞誉，为地方经济和社会发展、为中西文化的融合作出了重要贡献。</p>\r\n\r\n<p>&nbsp;</p>\r\n\r\n<p>&nbsp;</p>\r\n\r\n<p>2017-04-28</p>\r\n', '2017-05-11 17:00:21', '2017-05-11 17:00:21', '一所对学生最负责任的新型大学', '18', '20', '0', '0');

-- ----------------------------
-- Table structure for `t_user`
-- ----------------------------
DROP TABLE IF EXISTS `t_user`;
CREATE TABLE `t_user` (
  `id` int(11) NOT NULL AUTO_INCREMENT,
  `email` varchar(20) DEFAULT NULL,
  `face` varchar(255) DEFAULT NULL,
  `mobile` varchar(20) DEFAULT NULL,
  `nickName` varchar(20) DEFAULT NULL,
  `password` varchar(20) DEFAULT NULL,
  `regTime` datetime DEFAULT NULL,
  `sex` varchar(10) DEFAULT NULL,
  `trueName` varchar(20) DEFAULT NULL,
  `type` int(11) NOT NULL,
  PRIMARY KEY (`id`)
) ENGINE=InnoDB AUTO_INCREMENT=22 DEFAULT CHARSET=utf8;

-- ----------------------------
-- Records of t_user
-- ----------------------------
INSERT INTO `t_user` VALUES ('1', '13027616282@qq.com', 'images/user/user0.gif', '13027616282', 'root', '123456', '2015-03-12 22:52:39', '男', '冀小康', '2');
INSERT INTO `t_user` VALUES ('2', 'zhangsan@163.com', 'images/user/user1.gif', '13056069036', '黄渤', '123456', '2015-03-12 22:52:39', '男', '黄渤', '1');
INSERT INTO `t_user` VALUES ('5', '李伟的邮箱', 'images/user/user2.gif', '13012345679', '李伟老师', '123456', '2015-03-13 00:12:43', '女', '李伟', '2');
INSERT INTO `t_user` VALUES ('8', '李莉的邮箱', 'images/user/user3.gif', '13012435678', '李莉', '123456', '2015-03-13 08:30:08', '女', '李莉', '1');
INSERT INTO `t_user` VALUES ('9', '李四的邮箱', 'images/user/user4.gif', '13012534675', '李四', '123456', '2015-03-13 08:32:26', '男', '李四', '1');
INSERT INTO `t_user` VALUES ('15', 'jiabin@sohu.com', 'images/user/user5.gif', '13014235345', '赵六', '123456', '2015-04-02 21:47:58', '男', '赵六', '1');
INSERT INTO `t_user` VALUES ('17', 'haha@sina.com', 'images/user/user6.gif', '13045634567', '林志玲', '123456', '2015-04-03 16:52:15', '女', '林志玲', '1');
INSERT INTO `t_user` VALUES ('18', 'hehe@sohu.com', 'images/user/user7.gif', '13045345346', ' 任燕', '123456', '2015-04-03 16:57:14', '女', ' 任燕', '1');
INSERT INTO `t_user` VALUES ('20', 'dazhuang@168.com', 'images/user/user8.gif', '13056345758', '江一燕', '123456', '2015-04-03 17:12:56', '女', '江一燕', '1');
INSERT INTO `t_user` VALUES ('21', '001@126.com', 'images/user/user9.gif', '13012345678', '范冰冰', '123456', '2017-04-07 13:52:37', '女', '范冰冰', '1');

-- ----------------------------
-- Table structure for `t_zone`
-- ----------------------------
DROP TABLE IF EXISTS `t_zone`;
CREATE TABLE `t_zone` (
  `id` int(11) NOT NULL AUTO_INCREMENT,
  `name` varchar(50) DEFAULT NULL,
  `description` varchar(200) DEFAULT NULL,
  PRIMARY KEY (`id`)
) ENGINE=InnoDB AUTO_INCREMENT=5 DEFAULT CHARSET=utf8;

-- ----------------------------
-- Records of t_zone
-- ----------------------------
INSERT INTO `t_zone` VALUES ('1', '黄科大综合专题区', '欢迎来黄科大报道！！');
INSERT INTO `t_zone` VALUES ('2', '黄科大校园学习区', '欢迎来到学院学习专区');
INSERT INTO `t_zone` VALUES ('3', '黄科大综合娱乐区', '欢迎到娱乐专区');
INSERT INTO `t_zone` VALUES ('4', '黄科大新闻资讯区', '我们学校的大新闻');
